культура	запрос	число_запросов
клубника	клубника описание сортов фото отзывы садоводов	37931
клубника	азия клубника описание сорта фото отзывы садоводов	2106
клубника	клубника мурано описание сорта фото отзывы садоводов	1647
клубника	купчиха клубника описание сорта фото отзывы садоводов	1321
клубника	альба клубника описание сорта фото отзывы садоводов	1097
клубника	мальвина клубника описание сорта фото отзывы садоводов	1063
клубника	клери клубника описание сорта фото отзывы садоводов	1007
клубника	клубника априка описание сорта фото отзывы садоводов	917
клубника	клубника гигантелла описание сорта фото отзывы садоводов	911
клубника	клубника чамора описание сорта фото отзывы садоводов	764
клубника	клубника фестивальная описание сорта фото отзывы садоводов	736
клубника	клубника елизавета описание сорта фото отзывы садоводов	734
клубника	цунаки клубника описание сорта фото отзывы садоводов	718
клубника	клубника лорд описание сорта фото отзывы садоводов	621
клубника	альбион клубника описание сорта фото отзывы садоводов	568
клубника	кабрилло клубника описание сорта фото отзывы садоводов	557
клубника	хоней клубника описание сорта фото отзывы садоводов	515
клубника	клубника брилла описание сорта фото отзывы садоводов	502
клубника	крапо клубника описание сорта фото отзывы садоводов	497
клубника	сенсация клубника описание сорта фото отзывы садоводов	481
клубника	сирия клубника описание сорта фото отзывы садоводов	458
клубника	клубника кимберли описание сорта фото отзывы садоводов	458
клубника	максим клубника описание сорта фото отзывы садоводов	383
клубника	джоли клубника описание сорта фото отзывы садоводов	377
клубника	клубника александра описание сорта фото отзывы садоводов	324
клубника	ания клубника описание сорта фото отзывы садоводов	314
клубника	машенька клубника описание сорта фото отзывы садоводов	308
клубника	магнус клубника описание сорта фото отзывы садоводов	293
клубника	клубника лючия описание сорта фото отзывы садоводов	278
клубника	румба клубника описание сорта фото отзывы садоводов	268
клубника	мальга клубника описание сорта фото отзывы садоводов	263
клубника	мармелада клубника описание сорта фото отзывы садоводов	225
клубника	царица клубника описание сорта фото отзывы садоводов	225
клубника	элиане клубника описание сорта фото отзывы садоводов	224
клубника	эльсанта клубника описание сорта фото отзывы садоводов	224
клубника	клубника зефир описание сорта фото отзывы садоводов	204
клубника	полка клубника описание сорта фото отзывы садоводов	195
клубника	сандра клубника описание сорта фото отзывы садоводов	186
клубника	шарлотта клубника описание сорта фото отзывы садоводов	185
клубника	флоренс клубника описание сорта фото отзывы садоводов	184
клубника	джуси клубника описание сорта фото отзывы садоводов	179
клубника	клубника виктория описание сорта фото отзывы садоводов	172
клубника	антея клубника описание сорта фото отзывы садоводов	168
клубника	клубника роксана описание сорта фото отзывы садоводов	164
клубника	клубника квики описание сорта фото отзывы садоводов	160
клубника	маршал клубника описание сорта фото отзывы садоводов	147
клубника	клубника дарселект описание сорта фото отзывы садоводов	147
клубника	клубника прими описание сорта фото отзывы садоводов	143
клубника	соната клубника описание сорта фото отзывы садоводов	140
клубника	клубника искушение описание сорта фото отзывы садоводов	139
клубника	клубника корона описание сорта фото отзывы садоводов	135
клубника	клубника вивара описание сорта фото отзывы садоводов	134
клубника	клубника марышка описание сорта фото отзывы садоводов	130
клубника	клубника генри описание сорта фото отзывы садоводов	129
клубника	фурор клубника описание сорта фото отзывы садоводов	125
клубника	клубника лакомка описание сорта фото отзывы садоводов	123
клубника	клубника флер описание сорта фото отзывы садоводов	117
клубника	клубника пандора описание сорта фото отзывы садоводов	116
клубника	гирлянда клубника описание сорта фото отзывы садоводов	112
клубника	маригет клубника описание сорта фото отзывы садоводов	110
клубника	кармен клубника описание сорта фото отзывы садоводов	109
клубника	клубника москова описание сорта фото отзывы садоводов	102
клубника	клубника фейт описание сорта фото отзывы садоводов	102
клубника	скала клубника описание сорта фото отзывы садоводов	100
клубника	клубника мармеладка описание сорта фото отзывы садоводов	95
клубника	клубника сальса описание сорта фото отзывы садоводов	94
клубника	монтерей клубника описание сорта фото отзывы садоводов	92
клубника	клубника даренка описание сорта фото отзывы садоводов	89
клубника	сибилла клубника описание сорта фото отзывы садоводов	83
клубника	клубника богота описание сорта фото отзывы садоводов	83
клубника	лималексия клубника описание сорта фото отзывы садоводов	82
клубника	клубника тоскана описание сорта фото отзывы садоводов	81
клубника	клубника гаригуэтта описание сорта фото отзывы садоводов	81
клубника	клубника флорентина описание сорта фото отзывы садоводов	80
клубника	брина клубника описание сорта фото отзывы садоводов	80
клубника	клубника дукат описание сорта фото отзывы садоводов	78
клубника	клубника ирма описание сорта фото отзывы садоводов	77
клубника	ананасная клубника описание сорта фото отзывы садоводов	73
клубника	клубника гармония описание сорта фото отзывы садоводов	73
клубника	клубника амалия описание сорта фото отзывы садоводов	73
клубника	клубника клодия описание сорта фото отзывы садоводов	66
клубника	клубника хадемар описание сорта фото отзывы садоводов	66
клубника	клубника гребешок описание сорта фото отзывы садоводов	66
клубника	клубника берегиня описание сорта фото отзывы садоводов	66
клубника	клубника хуан описание сорта фото отзывы садоводов	65
клубника	нанди клубника описание сорта фото отзывы садоводов	62
клубника	клубника богема описание сорта фото отзывы садоводов	61
клубника	сельва клубника описание сорта фото отзывы садоводов	61
клубника	клубника первоклассница описание сорта фото отзывы садоводов	59
клубника	клубника сизоже описание сорта фото отзывы садоводов	59
клубника	клубника кент описание сорта фото отзывы садоводов	58
клубника	кабрило клубника описание сорта фото отзывы садоводов	57
клубника	клубника верона описание сорта фото отзывы садоводов	57
клубника	клубника аллегро описание сорта фото отзывы садоводов	55
клубника	клубника вивальди описание сорта фото отзывы садоводов	55
клубника	клубника фронтерас описание сорта фото отзывы садоводов	55
клубника	женева клубника описание сорта фото отзывы садоводов	54
клубника	клубника надя описание сорта фото отзывы садоводов	54
клубника	клубника любава описание сорта фото отзывы садоводов	52
клубника	клубника диамант описание сорта фото отзывы садоводов	51
клубника	клубника фейерверк описание сорта фото отзывы садоводов	50
клубника	клубника медовая описание сорта фото отзывы садоводов	49
клубника	клубника дивная описание сорта фото отзывы садоводов	48
клубника	клубника великобритания описание сорта фото отзывы садоводов	48
клубника	клубника маджестик описание сорта фото отзывы садоводов	48
клубника	малина клубника описание сорта фото отзывы садоводов	47
клубника	клубника сенсейшен описание сорта фото отзывы садоводов	46
клубника	ламбада клубника описание сорта фото отзывы садоводов	44
клубника	клубника амулет описание сорта фото отзывы садоводов	43
клубника	клубника розария описание сорта фото отзывы садоводов	43
клубника	клубника кардинал описание сорта фото отзывы садоводов	42
клубника	клубника гарда описание сорта фото отзывы садоводов	42
клубника	клубника маэстро описание сорта фото отзывы садоводов	41
клубника	клубника эми описание сорта фото отзывы садоводов	40
клубника	клубника барыня описание сорта фото отзывы садоводов	40
клубника	клубника нагаока описание сорта фото отзывы садоводов	39
клубника	клубника элоди описание сорта фото отзывы садоводов	39
клубника	клубника дали описание сорта фото отзывы садоводов	39
клубника	клубника любаша описание сорта фото отзывы садоводов	38
клубника	клубника витязь описание сорта фото отзывы садоводов	38
клубника	анабланка клубника описание сорта фото отзывы садоводов	38
клубника	тристан клубника описание сорта фото отзывы садоводов	38
клубника	клубника фернандо описание сорта фото отзывы садоводов	38
клубника	клубника кама описание сорта фото отзывы садоводов	36
клубника	клубника орлец описание сорта фото отзывы садоводов	35
клубника	клубника фенелла описание сорта фото отзывы садоводов	35
клубника	клубника ауджи описание сорта фото отзывы садоводов	34
клубника	клубника русич описание сорта фото отзывы садоводов	34
клубника	клубника урожайная описание сорта фото отзывы садоводов	34
клубника	клубника кемберли описание сорта фото отзывы садоводов	34
клубника	клубника талия описание сорта фото отзывы садоводов	33
клубника	клубника капри описание сорта фото отзывы садоводов	33
клубника	клубника холидей описание сорта фото отзывы садоводов	33
клубника	клубника брайтон описание сорта фото отзывы садоводов	33
клубника	клубника мангуст описание сорта фото отзывы садоводов	33
клубника	клубника соловушка описание сорта фото отзывы садоводов	33
клубника	клубника золушка описание сорта фото отзывы садоводов	33
клубника	клубника валиант описание сорта фото отзывы садоводов	32
клубника	виваро клубника описание сорта фото отзывы садоводов	31
клубника	клубника твист описание сорта фото отзывы садоводов	30
клубника	клубника нэнси описание сорта фото отзывы садоводов	30
клубника	клубника верити описание сорта фото отзывы садоводов	29
клубника	клубника ариана описание сорта фото отзывы садоводов	28
клубника	клубника фалко описание сорта фото отзывы садоводов	28
клубника	клубника мурена описание сорта фото отзывы садоводов	28
клубника	клубника диана описание сорта фото отзывы садоводов	28
клубника	клубника карамелька описание сорта фото отзывы садоводов	27
клубника	клубника петалума описание сорта фото отзывы садоводов	27
клубника	клубника флоренция описание сорта фото отзывы садоводов	27
клубника	клубника анабель описание сорта фото отзывы садоводов	26
клубника	клубника фаворит описание сорта фото отзывы садоводов	26
клубника	клубника онда описание сорта фото отзывы садоводов	25
клубника	клубника симфония описание сорта фото отзывы садоводов	25
клубника	клубника дестини описание сорта фото отзывы садоводов	24
клубника	клубника боровицкая описание сорта фото отзывы садоводов	23
клубника	клубника теа описание сорта фото отзывы садоводов	23
клубника	клубника москва описание сорта фото отзывы садоводов	23
клубника	клубника спаржи описание сорта фото отзывы садоводов	22
клубника	клубника анастасия описание сорта фото отзывы садоводов	21
клубника	клубника фриго описание сорта фото отзывы садоводов	21
клубника	клубника чили описание сорта фото отзывы садоводов	21
клубника	клубника надежда описание сорта фото отзывы садоводов	21
клубника	клубника брила описание сорта фото отзывы садоводов	21
клубника	клубника цунами описание сорта фото отзывы садоводов	20
клубника	клубника свитхарт описание сорта фото отзывы садоводов	20
клубника	клубника петра описание сорта фото отзывы садоводов	20
клубника	клубника летиция описание сорта фото отзывы садоводов	20
клубника	клубника франческа описание сорта фото отзывы садоводов	20
клубника	клубника олимпия описание сорта фото отзывы садоводов	19
клубника	клубника александрия описание сорта фото отзывы садоводов	19
клубника	клубника клэри описание сорта фото отзывы садоводов	19
клубника	клубника брилло описание сорта фото отзывы садоводов	18
клубника	клубника керри описание сорта фото отзывы садоводов	18
клубника	клубника кэбот описание сорта фото отзывы садоводов	17
клубника	клубника маша описание сорта фото отзывы садоводов	17
клубника	клубника тея описание сорта фото отзывы садоводов	16
клубника	клубника роман описание сорта фото отзывы садоводов	16
клубника	клубника юбилейная описание сорта фото отзывы садоводов	15
клубника	клубника пайнберри описание сорта фото отзывы садоводов	15
клубника	клубника линоса описание сорта фото отзывы садоводов	15
клубника	клубника таго описание сорта фото отзывы садоводов	15
клубника	клубника негритянка описание сорта фото отзывы садоводов	15
клубника	клубника флориан описание сорта фото отзывы садоводов	15
клубника	клубника близнецы описание сорта фото отзывы садоводов	15
клубника	сладкоежка клубника описание сорта фото отзывы садоводов	14
клубника	клубника пенелопа описание сорта фото отзывы садоводов	14
клубника	клубника сашенька описание сорта фото отзывы садоводов	12
клубника	клубника фреска описание сорта фото отзывы садоводов	12
клубника	клубника источник описание сорта фото отзывы садоводов	12
клубника	клубника газана описание сорта фото отзывы садоводов	12
клубника	клубника анита описание сорта фото отзывы садоводов	11
клубника	клубника избранница описание сорта фото отзывы садоводов	11
клубника	клубника кори описание сорта фото отзывы садоводов	11
клубника	клубника элан описание сорта фото отзывы садоводов	11
клубника	клубника цыганка описание сорта фото отзывы садоводов	11
клубника	клубника вибрант описание сорта фото отзывы садоводов	11
клубника	клубника альфа описание сорта фото отзывы садоводов	10
клубника	клубника боярыня описание сорта фото отзывы садоводов	10
клубника	клубника александрина описание сорта фото отзывы садоводов	10
клубника	клубника мадлен описание сорта фото отзывы садоводов	10
малина	малина таруса описание сорта фото отзывы садоводов	1174
малина	пшехиба малина описание сорта фото отзывы садоводов	980
малина	карамелька малина описание сорта фото отзывы садоводов	841
малина	малина тибетская описание сорта фото отзывы садоводов	570
малина	малина гигант описание сорта фото отзывы садоводов	512
малина	малина гусар описание сорта фото отзывы садоводов	403
малина	малина лячка описание сорта фото отзывы садоводов	345
малина	малина самохвал описание сорта фото отзывы садоводов	341
малина	малина патриция описание сорта фото отзывы садоводов	324
малина	малина маравилла описание сорта фото отзывы садоводов	289
малина	малина похвалинка описание сорта фото отзывы садоводов	274
малина	малина пингвин описание сорта фото отзывы садоводов	256
малина	малина энросадира описание сорта фото отзывы садоводов	253
малина	малина вайолет описание сорта фото отзывы садоводов	244
малина	малина зюгана описание сорта фото отзывы садоводов	239
малина	малина атлант описание сорта фото отзывы садоводов	237
малина	малина гусария описание сорта фото отзывы садоводов	231
малина	малина геракл описание сорта фото отзывы садоводов	230
малина	малина крепыш описание сорта фото отзывы садоводов	224
малина	малина маросейка описание сорта фото отзывы садоводов	222
малина	малина полана описание сорта фото отзывы садоводов	220
малина	малина соколица описание сорта фото отзывы садоводов	216
малина	маравила малина описание сорта фото отзывы садоводов	184
малина	мапема малина описание сорта фото отзывы садоводов	167
малина	малина амира описание сорта фото отзывы садоводов	153
малина	малина полонез описание сорта фото отзывы садоводов	152
малина	малина пересвет описание сорта фото отзывы садоводов	124
малина	малина изобильная описание сорта фото отзывы садоводов	122
малина	малина сапфир описание сорта фото отзывы садоводов	118
малина	малина херитейдж описание сорта фото отзывы садоводов	111
малина	малина богатырь описание сорта фото отзывы садоводов	108
малина	малина нижегородец описание сорта фото отзывы садоводов	106
малина	малина терентий описание сорта фото отзывы садоводов	105
малина	малина метеор описание сорта фото отзывы садоводов	104
малина	малина бриллиантовая описание сорта фото отзывы садоводов	102
малина	малина васена описание сорта фото отзывы садоводов	97
малина	малина сказка описание сорта фото отзывы садоводов	93
малина	малина дельнива описание сорта фото отзывы садоводов	93
малина	малина таганка описание сорта фото отзывы садоводов	91
малина	малина исполин описание сорта фото отзывы садоводов	84
малина	малина маргарита описание сорта фото отзывы садоводов	83
малина	малина феномен описание сорта фото отзывы садоводов	79
малина	малина полька описание сорта фото отзывы садоводов	77
малина	малина полка описание сорта фото отзывы садоводов	76
малина	малина татьяна описание сорта фото отзывы садоводов	75
малина	малина делнива описание сорта фото отзывы садоводов	72
малина	малина сластиха описание сорта фото отзывы садоводов	71
малина	малина награда описание сорта фото отзывы садоводов	68
малина	малина мишутка описание сорта фото отзывы садоводов	65
малина	малина бальзам описание сорта фото отзывы садоводов	63
малина	малина солнышко описание сорта фото отзывы садоводов	60
малина	малина маджестик описание сорта фото отзывы садоводов	59
малина	малина колокольчик описание сорта фото отзывы садоводов	59
малина	малина прималба описание сорта фото отзывы садоводов	58
малина	малина брусвяна описание сорта фото отзывы садоводов	56
малина	малина недосягаемая описание сорта фото отзывы садоводов	55
малина	малина хебан описание сорта фото отзывы садоводов	54
малина	малина блестящая описание сорта фото отзывы садоводов	52
малина	малина мираж описание сорта фото отзывы садоводов	52
малина	малина затонская описание сорта фото отзывы садоводов	51
малина	малина радзиева описание сорта фото отзывы садоводов	51
малина	малина октавия описание сорта фото отзывы садоводов	48
малина	малина клубника описание сорта фото отзывы садоводов	47
малина	малина джорджия описание сорта фото отзывы садоводов	47
малина	малина шани описание сорта фото отзывы садоводов	45
малина	малина носорог описание сорта фото отзывы садоводов	44
малина	малина жаклин описание сорта фото отзывы садоводов	43
малина	малина барнаульская описание сорта фото отзывы садоводов	43
малина	малина самородок описание сорта фото отзывы садоводов	41
малина	малина вольница описание сорта фото отзывы садоводов	40
малина	малина хейса описание сорта фото отзывы садоводов	38
малина	малина столичная описание сорта фото отзывы садоводов	38
малина	малина журавлик описание сорта фото отзывы садоводов	37
малина	малина сенатор описание сорта фото отзывы садоводов	36
малина	малина жозефина описание сорта фото отзывы садоводов	35
малина	малина мария описание сорта фото отзывы садоводов	35
малина	малина аврора описание сорта фото отзывы садоводов	34
малина	малина киржач описание сорта фото отзывы садоводов	32
малина	малина мапена описание сорта фото отзывы садоводов	31
малина	малина евразия описание сорта фото отзывы садоводов	30
малина	малина кумберленд описание сорта фото отзывы садоводов	29
малина	малина столешник описание сорта фото отзывы садоводов	27
малина	малина генералиссимус описание сорта фото отзывы садоводов	27
малина	малина бенефис описание сорта фото отзывы садоводов	27
малина	малина харитейдж описание сорта фото отзывы садоводов	26
малина	малина бирюсинка описание сорта фото отзывы садоводов	26
малина	малина тадмор описание сорта фото отзывы садоводов	22
малина	малина тайберри описание сорта фото отзывы садоводов	21
малина	малина абрикосовая описание сорта фото отзывы садоводов	21
малина	малина арбат описание сорта фото отзывы садоводов	20
малина	малина микер описание сорта фото отзывы садоводов	19
малина	малина имара описание сорта фото отзывы садоводов	19
малина	малина валентина описание сорта фото отзывы садоводов	19
малина	малина овация описание сорта фото отзывы садоводов	19
малина	малина спутница описание сорта фото отзывы садоводов	18
малина	малина с описание сорта фото отзывы садоводов	17
малина	малина светлячок описание сорта фото отзывы садоводов	17
малина	малина беглянка описание сорта фото отзывы садоводов	17
малина	малина скромница описание сорта фото отзывы садоводов	17
малина	малина регина описание сорта фото отзывы садоводов	17
малина	малина поляна описание сорта фото отзывы садоводов	16
малина	малина анфиса описание сорта фото отзывы садоводов	16
малина	малина сорт гармония описание фото отзывы садоводов	16
малина	малина амаранта описание сорта фото отзывы садоводов	14
малина	малина улыбка описание сорта фото отзывы садоводов	14
малина	малина марвила описание сорта фото отзывы садоводов	14
малина	малина лагорай описание сорта фото отзывы садоводов	13
малина	малина анна описание сорта фото отзывы садоводов	13
малина	малина магнат описание сорта фото отзывы садоводов	10
малина	малина яна описание сорта фото отзывы садоводов	10
малина	малина бристоль описание сорта фото отзывы садоводов	9
малина	малина нантахала описание сорта фото отзывы садоводов	8
малина	малина марастар описание сорта фото отзывы садоводов	8
малина	малина малема описание сорта фото отзывы садоводов	7
малина	малина вера описание сорта фото отзывы садоводов	7
малина	малина поранек описание сорта фото отзывы садоводов	7
малина	малина эрика описание сорта фото отзывы садоводов	6
малина	малина орбита описание сорта фото отзывы садоводов	6
малина	малина россана описание сорта фото отзывы садоводов	6
малина	малина абориген описание сорта фото отзывы садоводов	5
малина	малина моравила описание сорта фото отзывы садоводов	5
малина	малина брельянтовая описание сорта фото отзывы садоводов	5
малина	малина ровница описание сорта фото отзывы садоводов	NA
