"crop","slug","name","hero_file","hero_source","hero_license","supplemental_file","supplemental_source","supplemental_license","candidate_link","candidate_note","status"
"raspberry","gusar","Гусар","","","","","","","https://www.bio-conferences.org/articles/bioconf/pdf/2024/58/bioconf_agriscience2024_01009.pdf","CC BY 4.0; фото молодых растений, PDF ранее возвращал HTTP 403; файл не извлечён","candidate_needs_review"
"raspberry","polka","Полька","site/assets/variety-photo-polka.webp","https://pmc.ncbi.nlm.nih.gov/articles/PMC10673471/#metabolites-13-01124-f001","CC BY 4.0","","","","","","licensed_hero"
"raspberry","joan-j","Джоан Джей","","","","site/assets/variety-photo-joan-j-stages.webp","https://pmc.ncbi.nlm.nih.gov/articles/PMC13043038/","CC BY 4.0","https://www.flickr.com/photos/alanbuckingham/24566356619/","Точный сорт на Flickr, All rights reserved; нужна лицензия","licensed_supplemental_only"
"raspberry","zhuravlik","Журавлик","","","","","","","","","no_verified_exact_photo"
"raspberry","beglyanka","Беглянка","","","","","","","","","no_verified_exact_photo"
"raspberry","meteor","Метеор","","","","","","","https://www.sadivin.com/jour/article/view/1047","CC Attribution заявлена для статьи; PDF с гербарной фигурой требует визуальной проверки","candidate_needs_review"
"raspberry","solnyshko","Солнышко","","","","","","","","","no_verified_exact_photo"
"raspberry","peresvet","Пересвет","","","","","","","https://www.sadivin.com/jour/article/view/1047","CC Attribution заявлена для статьи; PDF с гербарной фигурой требует визуальной проверки","candidate_needs_review"
"raspberry","poklon-kazakovu","Поклон Казакову","","","","","","","https://www.sadivin.com/jour/article/view/1047","CC Attribution заявлена для статьи; PDF с гербарной фигурой требует визуальной проверки","candidate_needs_review"
"raspberry","podarok-kashinu","Подарок Кашину","","","","","","","https://www.sadivin.com/jour/article/view/1047","CC Attribution заявлена для статьи; PDF с гербарной фигурой требует визуальной проверки","candidate_needs_review"
"raspberry","medvezhonok","Медвежонок","","","","","","","https://kgsxa.ru/files/vestnik/vestnik_16_web.pdf","Фото микропобегов с подписанным сортом; право на перенос не найдено","candidate_needs_review"
"raspberry","skromnitsa","Скромница","","","","","","","https://kgsxa.ru/files/vestnik/vestnik_16_web.pdf","Фото микропобегов с подписанным сортом; право на перенос не найдено","candidate_needs_review"
"raspberry","krasa-rossii","Краса России","","","","","","","","","no_verified_exact_photo"
"raspberry","balzam","Бальзам","","","","","","","","","no_verified_exact_photo"
"raspberry","zheltyy-gigant","Жёлтый гигант","site/assets/variety-photo-yellow-giant-fruit.webp","https://agroecoinfo.ru/STATYI/2022/5/st_525.pdf#page=5","Условия журнала","","","","","","licensed_hero"
"raspberry","atlant","Атлант","site/assets/variety-photo-atlant.webp","https://commons.wikimedia.org/wiki/File:%D0%9C%D0%B0%D0%BB%D0%B8%D0%BD%D0%B0_%D0%B0%D1%82%D0%BB%D0%B0%D0%BD%D1%82.jpg","CC BY-SA 4.0","","","","","","licensed_hero"
"raspberry","abrikosovaya","Абрикосовая","","","","","","","","","no_verified_exact_photo"
"raspberry","bryanskoe-divo","Брянское диво","site/assets/variety-photo-bryanskoye-divo.webp","https://biosel.elpub.ru/jour/article/download/116/115#page=9","CC BY 4.0","","","","","","licensed_hero"
"raspberry","gerakl","Геракл","site/assets/variety-photo-gerakl.webp","https://biosel.elpub.ru/jour/article/download/116/115#page=9","CC BY 4.0","","","","","","licensed_hero"
"raspberry","evraziya","Евразия","","","","","","","https://kgsxa.ru/files/vestnik/vestnik_16_web.pdf","Фото микропобегов с подписанным сортом; право на перенос не найдено","candidate_needs_review"
"raspberry","zhar-ptitsa","Жар-птица","","","","","","","https://kgsxa.ru/files/vestnik/vestnik_16_web.pdf","Фото микропобегов с подписанным сортом; право на перенос не найдено","candidate_needs_review"
"raspberry","oranzhevoe-chudo","Оранжевое чудо","","","","site/assets/variety-photo-orange-miracle-plants.webp","https://www.mdpi.com/2223-7747/10/10/2071","CC BY 4.0","","","licensed_supplemental_only"
"raspberry","pingvin","Пингвин","","","","","","","https://old.journal-vniispk.ru/pdf/2021/1/5.pdf","CC BY 4.0 заявлена для выпуска; ягоды после хранения, PDF ранее не скачался; не hero","candidate_needs_review"
"raspberry","rubinovoe-ozherele","Рубиновое ожерелье","","","","","","","","","no_verified_exact_photo"
"raspberry","zolotaya-osen","Золотая осень","","","","","","","","","no_verified_exact_photo"
"raspberry","zolotye-kupola","Золотые купола","","","","","","","","","no_verified_exact_photo"
"raspberry","yellow-antwerp","Йеллоу Антверп","","","","","","","","","no_verified_exact_photo"
"raspberry","all-gold","Олл Голд","","","","","","","https://www.flickr.com/photos/alanbuckingham/21737031202/","Точный сорт на Flickr, All rights reserved; нужна лицензия","candidate_needs_review"
"raspberry","polana","Полана","site/assets/variety-photo-polana.webp","https://commons.wikimedia.org/wiki/File:Polana-malina.jpg","CC BY-SA 4.0","","","","","","licensed_hero"
"raspberry","caroline","Кэролайн","","","","site/assets/variety-photo-caroline-stages.webp","https://www.mdpi.com/2311-7524/12/1/79","CC BY 4.0","https://www.flickr.com/photos/scotnelson/5833073027/","Точный сорт CC0, но кадр поражён ржавчиной; только как симптоматический supplemental","licensed_supplemental_only"
"raspberry","heritage","Херитейдж","site/assets/variety-photo-heritage.webp","https://www.flickr.com/photos/graibeard/3220923545/","CC BY-SA 2.0","","","","","","licensed_hero"
"raspberry","anne","Энн","","","","site/assets/variety-photo-anne.webp","https://www.frontiersin.org/journals/plant-science/articles/10.3389/fpls.2016.01892/full","CC BY 4.0","","","licensed_supplemental_only"
"raspberry","double-gold","Дабл Голд","","","","site/assets/variety-photo-double-gold-patent.webp","https://patents.google.com/patent/USPP24811P3/en","Патентная публикация USPTO","","","licensed_supplemental_only"
"raspberry","prelude","Прелюд","","","","site/assets/variety-photo-prelude-patent.webp","https://patents.google.com/patent/USPP11747P2/en","Патентная публикация USPTO","https://extension.umaine.edu/publications/2066e/","Подписанный сорт, но лицензия на перенос не найдена","licensed_supplemental_only"
"raspberry","nova","Нова","","","","","","","","","no_verified_exact_photo"
"raspberry","encore","Энкор","","","","site/assets/variety-photo-encore-patent.webp","https://patents.google.com/patent/USPP11746P2/en","Патентная публикация USPTO","https://extension.umaine.edu/publications/2066e/","Подписанный сорт, но лицензия на перенос не найдена","licensed_supplemental_only"
"raspberry","pshehiba","Пшехиба","","","","","","","","","no_verified_exact_photo"
"raspberry","karamelka","Карамелька","","","","","","","","","no_verified_exact_photo"
"raspberry","samohval","Самохвал","","","","","","","","","no_verified_exact_photo"
"raspberry","patritsiya","Патриция","","","","","","","","","no_verified_exact_photo"
"raspberry","tarusa","Таруса","","","","","","","","","no_verified_exact_photo"
"raspberry","lyachka","Лячка","","","","","","","","","no_verified_exact_photo"
"raspberry","maroseyka","Маросейка","","","","","","","","","no_verified_exact_photo"
"raspberry","brilliantovaya","Бриллиантовая","site/assets/variety-photo-brilliantovaya.webp","https://commons.wikimedia.org/wiki/File:Rubus_idaeus_%27Brilliantovaya%27.JPG","CC BY-SA 3.0","","","","","","licensed_hero"
"raspberry","pohvalinka","Похвалинка","","","","","","","","","no_verified_exact_photo"
"raspberry","salyut","Салют","","","","","","","","","no_verified_exact_photo"
"raspberry","yubileinaya-kulikova","Юбилейная Куликова","","","","","","","","","no_verified_exact_photo"
"raspberry","arisha","Ариша","","","","","","","","","no_verified_exact_photo"
"strawberry","aziya","Азия","site/assets/variety-photo-aziya.webp","https://horticulturejournal.usamv.ro/pdf/2024/issue_1/Art2.pdf#page=3","CC BY 4.0","","","","","","licensed_hero"
"strawberry","festivalnaya","Фестивальная","","","","site/assets/variety-photo-festivalnaya-anthracnose.webp","https://biosel.elpub.ru/jour/article/download/143/139#page=4","CC BY 3.0","https://7dach.ru/panytany/klubnika-festivalnaya-vkus-detstva-133037.html","Точный сорт и живые фото; лицензия на перенос не найдена","licensed_supplemental_only"
"strawberry","murano","Мурано","site/assets/variety-photo-murano.webp","https://commons.wikimedia.org/wiki/File:Fraises_Murano_en_Dordogne.jpg","CC0 1.0","","","","","","licensed_hero"
"strawberry","alba","Альба","site/assets/variety-photo-alba.webp","https://horticulturejournal.usamv.ro/pdf/2024/issue_1/Art2.pdf#page=3","CC BY 4.0","","","","","","licensed_hero"
"strawberry","cambridge-favourite","Кембридж Фаворит","site/assets/variety-photo-cambridge-favourite.webp","https://biosel.elpub.ru/jour/article/download/143/139#page=4","CC BY 3.0","","","","","","licensed_hero"
"strawberry","elan","Элан","","","","","","","","","no_verified_exact_photo"
"strawberry","tsaritsa","Царица","site/assets/variety-photo-tsaritsa.webp","https://jbiochemtech.com/storage/models/article/bMUh1GtjLrbMv0U5GbVt14NkkfQ2frw7KZS6iVW7Iv1VKS7RXJ6GRMwbz9KS/garden-strawberry-varieties-of-the-all-russian-horticultural-institute-for-breeding-agrotechnology.pdf#page=4","CC BY 4.0","","","","","","licensed_hero"
"strawberry","bereginya","Берегиня","site/assets/variety-photo-bereginya.webp","https://jbiochemtech.com/storage/models/article/bMUh1GtjLrbMv0U5GbVt14NkkfQ2frw7KZS6iVW7Iv1VKS7RXJ6GRMwbz9KS/garden-strawberry-varieties-of-the-all-russian-horticultural-institute-for-breeding-agrotechnology.pdf#page=5","CC BY 4.0","","","","","","licensed_hero"
"strawberry","kleri","Клери","site/assets/variety-photo-kleri.webp","https://commons.wikimedia.org/wiki/File:Clery_Gartenerdbeere.JPG","CC BY-SA 3.0","","","","","","licensed_hero"
"strawberry","aprika","Априка","site/assets/variety-photo-aprica.webp","https://pmc.ncbi.nlm.nih.gov/articles/PMC11125040/","CC BY 4.0","","","","","","licensed_hero"
"strawberry","dzholi","Джоли","","","","site/assets/variety-photo-joly-patent.webp","https://patents.google.com/patent/USPP23126P3/en","Патентная публикация USPTO","","","licensed_supplemental_only"
"strawberry","siriya","Сирия","","","","","","","","","no_verified_exact_photo"
"strawberry","malga","Мальга","","","","site/assets/variety-photo-malga-patent.webp","https://patents.google.com/patent/USPP28310P3/en","Патентная публикация USPTO","","","licensed_supplemental_only"
"strawberry","aniya","Ания","","","","site/assets/variety-photo-ania-patent.webp","https://patents.google.com/patent/USPP32221P3/en","Патентная публикация USPTO","","","licensed_supplemental_only"
"strawberry","malvina","Мальвина","site/assets/variety-photo-malvina.webp","https://pmc.ncbi.nlm.nih.gov/articles/PMC11125040/#suppl_1","CC BY 4.0","","","","","","licensed_hero"
"strawberry","albion","Альбион","site/assets/variety-photo-albion.webp","https://pmc.ncbi.nlm.nih.gov/articles/PMC8909511/#foods-11-00640-f001","CC BY 4.0","","","","","","licensed_hero"
"strawberry","honey","Хоней","site/assets/variety-photo-honey.webp","https://commons.wikimedia.org/wiki/File:Fragaria_ananassa_Honeoye_2023-05-31_6638.jpg","CC BY-SA 4.0","","","","","","licensed_hero"
"strawberry","kimberli","Кимберли","","","","site/assets/variety-photo-kimberli-microplants.webp","https://openbiotechnologyjournal.com/contents/volumes/V20/e18740707455704/e18740707455704.pdf#page=5","CC BY 4.0","","","licensed_supplemental_only"
"strawberry","cabrillo","Кабрилло","","","","site/assets/variety-photo-cabrillo.webp","https://pmc.ncbi.nlm.nih.gov/articles/PMC8728004/","CC BY 4.0","","","licensed_supplemental_only"
"strawberry","brilla","Брилла","","","","","","","","","no_verified_exact_photo"
"strawberry","magnus","Магнус","","","","","","","","","no_verified_exact_photo"
"strawberry","rumba","Румба","site/assets/variety-photo-rumba.webp","https://pmc.ncbi.nlm.nih.gov/articles/PMC10305725/","CC BY 4.0","","","","","","licensed_hero"
"strawberry","elsanta","Эльсанта","site/assets/variety-photo-elsanta.webp","https://commons.wikimedia.org/wiki/File:FraisesElsantaCLJWeber_(23307386409).jpg","CC BY 2.0","","","","","","licensed_hero"
"strawberry","borovitskaya","Боровицкая","","","","","","","","","no_verified_exact_photo"
"strawberry","nashe-podmoskove","Наше Подмосковье","","","","","","","","","no_verified_exact_photo"
"strawberry","darenka","Дарёнка","","","","site/assets/variety-photo-darenka.webp","https://www.agronauka-sv.ru/jour/article/view/1761","CC BY 4.0","","","licensed_supplemental_only"
"strawberry","zenga-zengana","Зенга Зенгана","site/assets/variety-photo-zenga-zengana.webp","https://commons.wikimedia.org/wiki/File:Fragaria_ananassa_Senga_Sengana_2023-06-12_7456.jpg","CC BY-SA 4.0","","","","","","licensed_hero"
"strawberry","desnyanka-kokinskaya","Деснянка Кокинская","","","","","","","","","no_verified_exact_photo"
"strawberry","vityaz","Витязь","site/assets/variety-photo-vityaz.webp","https://jbiochemtech.com/storage/models/article/bMUh1GtjLrbMv0U5GbVt14NkkfQ2frw7KZS6iVW7Iv1VKS7RXJ6GRMwbz9KS/garden-strawberry-varieties-of-the-all-russian-horticultural-institute-for-breeding-agrotechnology.pdf#page=4","CC BY 4.0","","","","","","licensed_hero"
"strawberry","slavutich","Славутич","site/assets/variety-photo-slavutich.webp","https://jbiochemtech.com/storage/models/article/bMUh1GtjLrbMv0U5GbVt14NkkfQ2frw7KZS6iVW7Iv1VKS7RXJ6GRMwbz9KS/garden-strawberry-varieties-of-the-all-russian-horticultural-institute-for-breeding-agrotechnology.pdf#page=4","CC BY 4.0","","","","","","licensed_hero"
"strawberry","rusich","Русич","","","","","","","","","no_verified_exact_photo"
"strawberry","alfa","Альфа","site/assets/variety-photo-alfa.webp","https://jbiochemtech.com/storage/models/article/bMUh1GtjLrbMv0U5GbVt14NkkfQ2frw7KZS6iVW7Iv1VKS7RXJ6GRMwbz9KS/garden-strawberry-varieties-of-the-all-russian-horticultural-institute-for-breeding-agrotechnology.pdf#page=5","CC BY 4.0","","","","","","licensed_hero"
"strawberry","solovushka","Соловушка","","","","site/assets/variety-photo-solovushka-frost-flowers.webp","https://www.intechopen.com/chapters/73090","CC BY 3.0","","","licensed_supplemental_only"
"strawberry","divnaya","Дивная","","","","","","","","","no_verified_exact_photo"
"strawberry","tsarskoselskaya","Царскосельская","","","","","","","","","no_verified_exact_photo"
"strawberry","sudarushka","Сударушка","","","","site/assets/variety-photo-sudarushka.webp","https://pmc.ncbi.nlm.nih.gov/articles/PMC11043506/","CC BY 4.0","","","licensed_supplemental_only"
"strawberry","zenit","Зенит","","","","","","","","","no_verified_exact_photo"
"strawberry","kokinskaya-rannyaya","Кокинская ранняя","","","","","","","","","no_verified_exact_photo"
