path,clicks,impressions,ctr_percent,weighted_position,source_urls
/sorta/atlant/,1,68,1.4705882352941175,9.25,http://malinaklubnika.ru/sorta/atlant/
/sorta/krasa-rossii/,0,52,0.0,9.714615384615383,"https://malinaklubnika.ru/sorta/krasa-rossii/ | https://malinaklubnika.ru/sorta/krasa-rossii/?city=%D0%A1%D0%B0%D0%BC%D0%B0%D1%80%D0%B0&region=%D0%A1%D0%B0%D0%BC%D0%B0%D1%80%D1%81%D0%BA%D0%B0%D1%8F
%D0%BE%D0%B1%D0%BB%D0%B0%D1%81%D1%82%D1%8C"
/sorta/albion/,0,20,0.0,15.6,https://malinaklubnika.ru/sorta/albion/
/sorta/rumba/,0,19,0.0,10.79,http://malinaklubnika.ru/sorta/rumba/
/sorta/magnus/,0,17,0.0,12.12,https://malinaklubnika.ru/sorta/magnus/ | http://malinaklubnika.ru/sorta/magnus/
/zhurnal/remontantnaya-malina-ural-sibir-sezon/,1,13,7.6923076923076925,15.461538461538462,http://malinaklubnika.ru/zhurnal/remontantnaya-malina-ural-sibir-sezon/ | https://malinaklubnika.ru/zhurnal/remontantnaya-malina-ural-sibir-sezon/
/sorta/kleri/,0,13,0.0,28.46,"http://malinaklubnika.ru/sorta/kleri/ | https://malinaklubnika.ru/sorta/kleri/?city=%D0%A1%D0%B0%D0%BC%D0%B0%D1%80%D0%B0&region=%D0%A1%D0%B0%D0%BC%D0%B0%D1%80%D1%81%D0%BA%D0%B0%D1%8F
%D0%BE%D0%B1%D0%BB%D0%B0%D1%81%D1%82%D1%8C"
/in-vitro/,0,11,0.0,13.359999999999998,http://malinaklubnika.ru/in-vitro/
/sorta/salyut/,2,9,22.22222222222222,9.22,http://malinaklubnika.ru/sorta/salyut/
/zhurnal/sorta-maliny-dlya-podmoskovya-kak-vybrat/,0,9,0.0,41.78,https://malinaklubnika.ru/zhurnal/sorta-maliny-dlya-podmoskovya-kak-vybrat/
/sorta/joan-j/,0,8,0.0,8.75,http://malinaklubnika.ru/sorta/joan-j/
/sorta/siriya/,0,8,0.0,18.62,https://malinaklubnika.ru/sorta/siriya/
/zhurnal/pervye-cvetki-klubniki-posle-posadki/,0,8,0.0,14.62875,https://malinaklubnika.ru/zhurnal/pervye-cvetki-klubniki-posle-posadki/ | http://malinaklubnika.ru/zhurnal/pervye-cvetki-klubniki-posle-posadki/
/sorta/zhuravlik/,0,7,0.0,8.29,http://malinaklubnika.ru/sorta/zhuravlik/
/sorta/lyachka/,0,7,0.0,9.14,https://malinaklubnika.ru/sorta/lyachka/
/sorta/pohvalinka/,0,7,0.0,10.0,http://malinaklubnika.ru/sorta/pohvalinka/
/sorta/malina/krasnaya/,0,7,0.0,10.86,https://malinaklubnika.ru/sorta/malina/krasnaya/
/sorta/tarusa/,0,7,0.0,17.71,"http://malinaklubnika.ru/sorta/tarusa/?city=%D0%92%D0%BB%D0%B0%D0%B4%D0%B8%D0%B2%D0%BE%D1%81%D1%82%D0%BE%D0%BA&region=%D0%9F%D1%80%D0%B8%D0%BC%D0%BE%D1%80%D1%81%D0%BA%D0%B8%D0%B9
%D0%BA%D1%80%D0%B0%D0%B9"
/zhurnal/kak-vybrat-sort-klubniki/,0,7,0.0,50.43,https://malinaklubnika.ru/zhurnal/kak-vybrat-sort-klubniki/
/sorta/cambridge-favourite/,1,6,16.666666666666664,15.5,https://malinaklubnika.ru/sorta/cambridge-favourite/
/sorta/elan/,0,6,0.0,19.0,"http://malinaklubnika.ru/sorta/elan/?city=%D0%9B%D0%B8%D0%BF%D0%B5%D1%86%D0%BA&region=%D0%9B%D0%B8%D0%BF%D0%B5%D1%86%D0%BA%D0%B0%D1%8F
%D0%BE%D0%B1%D0%BB%D0%B0%D1%81%D1%82%D1%8C"
/zhurnal/usy-klubniki-udalyat-ili-ukorenyat/,0,6,0.0,37.5,https://malinaklubnika.ru/zhurnal/usy-klubniki-udalyat-ili-ukorenyat/
/sorta/oranzhevoe-chudo/,0,5,0.0,13.6,https://malinaklubnika.ru/sorta/oranzhevoe-chudo/
/magazin/tovar-g-327719/,0,5,0.0,19.2,https://malinaklubnika.ru/magazin/tovar-g-327719/
/magazin/tovar-g-360528/,0,5,0.0,19.8,https://malinaklubnika.ru/magazin/tovar-g-360528/
/zhurnal/klubnika-frigo-chto-proverit/,0,5,0.0,25.6,http://malinaklubnika.ru/zhurnal/klubnika-frigo-chto-proverit/
/sorta/malvina/,0,5,0.0,38.4,"http://malinaklubnika.ru/sorta/malvina/?city=%D0%9E%D1%80%D0%B5%D0%BD%D0%B1%D1%83%D1%80%D0%B3&region=%D0%9E%D1%80%D0%B5%D0%BD%D0%B1%D1%83%D1%80%D0%B3%D1%81%D0%BA%D0%B0%D1%8F
%D0%BE%D0%B1%D0%BB%D0%B0%D1%81%D1%82%D1%8C"
/sorta/patritsiya/,0,5,0.0,14.0,https://malinaklubnika.ru/sorta/patritsiya/ | http://malinaklubnika.ru/sorta/patritsiya/
/sorta/darenka/,0,4,0.0,8.0,https://malinaklubnika.ru/sorta/darenka/
/sorta/bryanskoe-divo/,0,4,0.0,13.75,http://malinaklubnika.ru/sorta/bryanskoe-divo/
/instrumenty/raschet-kapelnogo-poliva/,0,4,0.0,20.75,http://malinaklubnika.ru/instrumenty/raschet-kapelnogo-poliva/
/magazin/tovar-g-364924/,0,4,0.0,21.5,https://malinaklubnika.ru/magazin/tovar-g-364924/
/magazin/zemlyanika-sadovaya-deli-68584/,0,4,0.0,23.5,https://malinaklubnika.ru/magazin/zemlyanika-sadovaya-deli-68584/
/magazin/tovar-g-362658/,0,4,0.0,25.0,https://malinaklubnika.ru/magazin/tovar-g-362658/
/zhurnal/klubnika-na-zimu-kogda-ukryvat/,0,4,0.0,33.0,https://malinaklubnika.ru/zhurnal/klubnika-na-zimu-kogda-ukryvat/
/sravnenie/malina/,0,4,0.0,50.2475,"http://malinaklubnika.ru/sravnenie/malina/?city=%D0%90%D1%81%D1%82%D1%80%D0%B0%D1%85%D0%B0%D0%BD%D1%8C&region=%D0%90%D1%81%D1%82%D1%80%D0%B0%D1%85%D0%B0%D0%BD%D1%81%D0%BA%D0%B0%D1%8F
%D0%BE%D0%B1%D0%BB%D0%B0%D1%81%D1%82%D1%8C | https://malinaklubnika.ru/sravnenie/malina/?city=%D0%A2%D1%83%D0%BB%D0%B0&region=%D0%A2%D1%83%D0%BB%D1%8C%D1%81%D0%BA%D0%B0%D1%8F
%D0%BE%D0%B1%D0%BB%D0%B0%D1%81%D1%82%D1%8C"
/malina/,0,4,0.0,24.5,https://malinaklubnika.ru/malina/ | http://malinaklubnika.ru/malina/
/sorta/desnyanka-kokinskaya/,1,3,33.33333333333333,16.33,https://malinaklubnika.ru/sorta/desnyanka-kokinskaya/
/sorta/karamelka/,0,3,0.0,14.0,https://malinaklubnika.ru/sorta/karamelka/
/sorta/yubileinaya-kulikova/,0,3,0.0,16.67,https://malinaklubnika.ru/sorta/yubileinaya-kulikova/
/sorta/murano/,0,3,0.0,18.33,http://malinaklubnika.ru/sorta/murano/
/sorta/kokinskaya-rannyaya/,0,3,0.0,19.67,https://malinaklubnika.ru/sorta/kokinskaya-rannyaya/
/zhurnal/poliv-i-mulcha-klubniki/,0,3,0.0,27.67,https://malinaklubnika.ru/zhurnal/poliv-i-mulcha-klubniki/
/sorta/aziya/,0,3,0.0,30.0,https://malinaklubnika.ru/sorta/aziya/
/sorta/poklon-kazakovu/,0,3,0.0,33.33,"https://malinaklubnika.ru/sorta/poklon-kazakovu/?city=%D0%A1%D0%B0%D0%BC%D0%B0%D1%80%D0%B0&region=%D0%A1%D0%B0%D0%BC%D0%B0%D1%80%D1%81%D0%BA%D0%B0%D1%8F
%D0%BE%D0%B1%D0%BB%D0%B0%D1%81%D1%82%D1%8C"
/sorta/honey/,0,3,0.0,36.33,"http://malinaklubnika.ru/sorta/honey/?city=%D0%9E%D1%80%D0%B5%D0%BD%D0%B1%D1%83%D1%80%D0%B3&region=%D0%9E%D1%80%D0%B5%D0%BD%D0%B1%D1%83%D1%80%D0%B3%D1%81%D0%BA%D0%B0%D1%8F
%D0%BE%D0%B1%D0%BB%D0%B0%D1%81%D1%82%D1%8C"
/sorta/sudarushka/,0,3,0.0,37.0,"http://malinaklubnika.ru/sorta/sudarushka/?city=%D0%9B%D0%B8%D0%BF%D0%B5%D1%86%D0%BA&region=%D0%9B%D0%B8%D0%BF%D0%B5%D1%86%D0%BA%D0%B0%D1%8F
%D0%BE%D0%B1%D0%BB%D0%B0%D1%81%D1%82%D1%8C"
/zhurnal/peresadka-klubniki-osenyu-usloviya/,0,3,0.0,37.33,https://malinaklubnika.ru/zhurnal/peresadka-klubniki-osenyu-usloviya/
/zhurnal/poliv-i-mulcha-maliny/,0,3,0.0,52.0,https://malinaklubnika.ru/zhurnal/poliv-i-mulcha-maliny/
/zhurnal/zhelteyut-listya-maliny-chto-proverit/,0,3,0.0,53.669999999999995,https://malinaklubnika.ru/zhurnal/zhelteyut-listya-maliny-chto-proverit/
/magazin/,0,2,0.0,6.5,https://malinaklubnika.ru/magazin/
/sorta/nova/,0,2,0.0,10.5,http://malinaklubnika.ru/sorta/nova/
/otzyvy/,0,2,0.0,16.5,https://malinaklubnika.ru/otzyvy/
/sorta/alba/,0,2,0.0,20.5,https://malinaklubnika.ru/sorta/alba/
/sorta/zheltyy-gigant/,0,2,0.0,25.5,http://malinaklubnika.ru/sorta/zheltyy-gigant/
/sorta/anne/,0,2,0.0,28.5,http://malinaklubnika.ru/sorta/anne/
/magazin/rubinovoe-ozherele-sazhenec/,0,2,0.0,30.5,https://malinaklubnika.ru/magazin/rubinovoe-ozherele-sazhenec/
/sorta/tsaritsa/,0,2,0.0,34.5,https://malinaklubnika.ru/sorta/tsaritsa/
/magazin/zemlyanika-sadovaya-furor-1-sht-r9-7759/,0,2,0.0,45.5,https://malinaklubnika.ru/magazin/zemlyanika-sadovaya-furor-1-sht-r9-7759/
/magazin/malinovo-polyanichnyy-gibrid-67789/,0,2,0.0,46.0,http://malinaklubnika.ru/magazin/malinovo-polyanichnyy-gibrid-67789/
/instrumenty/zhurnal-uchastka/,0,2,0.0,46.5,http://malinaklubnika.ru/instrumenty/zhurnal-uchastka/?crop=strawberry&cultivar=%D0%A0%D1%83%D0%BC%D0%B1%D0%B0
/sorta/zolotaya-osen/,0,2,0.0,49.5,"http://malinaklubnika.ru/sorta/zolotaya-osen/?city=%D0%9B%D0%B8%D0%BF%D0%B5%D1%86%D0%BA&region=%D0%9B%D0%B8%D0%BF%D0%B5%D1%86%D0%BA%D0%B0%D1%8F
%D0%BE%D0%B1%D0%BB%D0%B0%D1%81%D1%82%D1%8C"
/magazin/zemlyanika-sadovaya-aromas-1-sht-r9-7604/,0,2,0.0,55.5,https://malinaklubnika.ru/magazin/zemlyanika-sadovaya-aromas-1-sht-r9-7604/
/,0,2,0.0,1.5,https://malinaklubnika.ru/ | http://malinaklubnika.ru/
/zhurnal/mulcha-dlya-klubniki-soloma-plenka-tkan/,0,2,0.0,72.0,http://malinaklubnika.ru/zhurnal/mulcha-dlya-klubniki-soloma-plenka-tkan/ | https://malinaklubnika.ru/zhurnal/mulcha-dlya-klubniki-soloma-plenka-tkan/
/goroda/,0,1,0.0,3.0,https://malinaklubnika.ru/goroda/
/klubnika/,0,1,0.0,5.0,https://malinaklubnika.ru/klubnika/
/rating/,0,1,0.0,7.0,https://malinaklubnika.ru/rating/
/zhurnal/,0,1,0.0,8.0,https://malinaklubnika.ru/zhurnal/
/about/,0,1,0.0,10.0,https://malinaklubnika.ru/about/
/guide/,0,1,0.0,11.0,https://malinaklubnika.ru/guide/
/zhurnal/klubnika/,0,1,0.0,16.0,https://malinaklubnika.ru/zhurnal/klubnika/
/zhurnal/malina/,0,1,0.0,25.0,http://malinaklubnika.ru/zhurnal/malina/
/sorta/borovitskaya/,0,1,0.0,26.0,http://malinaklubnika.ru/sorta/borovitskaya/
/politika-cookies/,0,1,0.0,37.0,https://malinaklubnika.ru/politika-cookies/
/zhurnal/remontantnaya-klubnika/,0,1,0.0,47.0,https://malinaklubnika.ru/zhurnal/remontantnaya-klubnika/
/magazin/tovar-g-326569/,0,1,0.0,48.0,https://malinaklubnika.ru/magazin/tovar-g-326569/
/magazin/tovar-g-362512/,0,1,0.0,51.0,https://malinaklubnika.ru/magazin/tovar-g-362512/
/magazin/malina-izobilnaya-71137/,0,1,0.0,52.0,https://malinaklubnika.ru/magazin/malina-izobilnaya-71137/
/magazin/zemlyanika-sadovaya-florens-68621/,0,1,0.0,62.0,https://malinaklubnika.ru/magazin/zemlyanika-sadovaya-florens-68621/
/magazin/malina-krasnyy-kant-1-sht-19683/,0,1,0.0,74.0,http://malinaklubnika.ru/magazin/malina-krasnyy-kant-1-sht-19683/
/zhurnal/chem-podkormit-klubniku-po-analizu-pochvy/,0,1,0.0,75.0,https://malinaklubnika.ru/zhurnal/chem-podkormit-klubniku-po-analizu-pochvy/
/magazin/nabor-pozdnih-sortov-3-sazhentsa-9416/,0,1,0.0,76.0,http://malinaklubnika.ru/magazin/nabor-pozdnih-sortov-3-sazhentsa-9416/
/sorta/kimberli/,0,1,0.0,78.0,"https://malinaklubnika.ru/sorta/kimberli/?city=%D0%A1%D0%B0%D0%BC%D0%B0%D1%80%D0%B0&region=%D0%A1%D0%B0%D0%BC%D0%B0%D1%80%D1%81%D0%BA%D0%B0%D1%8F
%D0%BE%D0%B1%D0%BB%D0%B0%D1%81%D1%82%D1%8C"
/sorta/solnyshko/,0,1,0.0,81.0,"http://malinaklubnika.ru/sorta/solnyshko/?city=%D0%9E%D1%80%D1%91%D0%BB&region=%D0%9E%D1%80%D0%BB%D0%BE%D0%B2%D1%81%D0%BA%D0%B0%D1%8F
%D0%BE%D0%B1%D0%BB%D0%B0%D1%81%D1%82%D1%8C"
/magazin/zemlyanika-sadovaya-selva-1-sht-r9-11243/,0,1,0.0,86.0,https://malinaklubnika.ru/magazin/zemlyanika-sadovaya-selva-1-sht-r9-11243/
/sravnenie/klubnika/,0,1,0.0,90.0,"http://malinaklubnika.ru/sravnenie/klubnika/?city=%D0%9E%D1%80%D0%B5%D0%BD%D0%B1%D1%83%D1%80%D0%B3&region=%D0%9E%D1%80%D0%B5%D0%BD%D0%B1%D1%83%D1%80%D0%B3%D1%81%D0%BA%D0%B0%D1%8F
%D0%BE%D0%B1%D0%BB%D0%B0%D1%81%D1%82%D1%8C"
