export_row,query,clicks,impressions,position,intent,explicit_purchase,trust_modifiers,regional_modifiers
1,малина салют,1,4,10.5,Описание и выбор конкретного сорта,False,False,False
2,сорт малины атлант,1,3,7.33,Описание и выбор конкретного сорта,False,False,False
3,малина атлант описание сорта,0,33,8.67,Описание и выбор конкретного сорта,False,False,False
4,малина краса россии описание сорта,0,20,9.6,Описание и выбор конкретного сорта,False,False,False
5,краса россии малина описание,0,8,9.75,Описание и выбор конкретного сорта,False,False,False
6,малина атлант,0,8,14.88,Описание и выбор конкретного сорта,False,False,False
7,клубника румба,0,8,15.12,Описание и выбор конкретного сорта,False,False,False
8,малина краса россии описание сорта фото отзывы,0,5,7.8,"Фото, отзывы и оценка сорта",False,True,False
9,атлант малина описание,0,4,7.5,Описание и выбор конкретного сорта,False,False,False
10,клери клубника описание,0,4,7.75,Описание и выбор конкретного сорта,False,False,False
11,румба клубника,0,4,8.75,Описание и выбор конкретного сорта,False,False,False
12,клубника финская розовая,0,4,11.0,Описание и выбор конкретного сорта,False,False,False
13,малина краса россии,0,3,8.0,Описание и выбор конкретного сорта,False,False,False
14,краса россии малина,0,3,8.67,Описание и выбор конкретного сорта,False,False,False
15,магнус клубника,0,3,11.0,Описание и выбор конкретного сорта,False,False,False
16,малина сорта для подмосковья урожайные,0,3,38.67,Выбор сортов для региона / общий каталог,False,False,True
17,красная малина,0,2,5.0,"Неоднозначные, определения и чужая навигация",False,False,False
18,малина мальвина,0,2,5.0,"Неоднозначные, определения и чужая навигация",False,False,False
19,малина атлант фото,0,2,5.5,"Фото, отзывы и оценка сорта",False,True,False
20,похвалинка,0,2,6.5,Описание и выбор конкретного сорта,False,False,False
21,малина атлант описание сорта фото отзывы,0,2,7.0,"Фото, отзывы и оценка сорта",False,True,False
22,малина оранжевое чудо описание сорта фото отзывы,0,2,9.0,"Фото, отзывы и оценка сорта",False,True,False
23,малина патриция,0,2,9.0,Описание и выбор конкретного сорта,False,False,False
24,малина краса россии отзывы,0,2,10.0,"Фото, отзывы и оценка сорта",False,True,False
25,клубника альбион описание сорта фото отзывы,0,2,10.5,"Фото, отзывы и оценка сорта",False,True,False
26,клубника парландо,0,2,10.5,Описание и выбор конкретного сорта,False,False,False
27,альбион клубника описание,0,2,11.0,Описание и выбор конкретного сорта,False,False,False
28,клубника великобритания,0,2,17.5,Описание и выбор конкретного сорта,False,False,False
29,клубника магнус,0,2,27.0,Описание и выбор конкретного сорта,False,False,False
30,когда открывать клубнику,0,2,27.0,"Уход, сроки и проблемы растений",False,False,False
31,альбион клубника,0,2,28.0,Описание и выбор конкретного сорта,False,False,False
32,клубника альбион,0,2,29.0,Описание и выбор конкретного сорта,False,False,False
33,как сажать усы клубники,0,2,36.0,"Уход, сроки и проблемы растений",False,False,False
34,клубника сирия плюсы и минусы,0,2,41.0,"Фото, отзывы и оценка сорта",False,True,False
35,сорт малины для подмосковья самый лучший,0,2,43.5,Выбор сортов для региона / общий каталог,False,False,True
36,лучшие сорта малины для подмосковья для открытого грунта,0,2,45.0,Выбор сортов для региона / общий каталог,False,False,True
37,как вывести новый сорт клубники,0,2,47.5,Размножение и технологии посадочного материала,False,False,False
38,полив малины,0,2,48.0,"Уход, сроки и проблемы растений",False,False,False
39,ремонтантная,0,1,2.0,"Неоднозначные, определения и чужая навигация",False,False,False
40,кокинская ранняя клубника,0,1,4.0,Описание и выбор конкретного сорта,False,False,False
41,клубника альбион фото,0,1,7.0,"Фото, отзывы и оценка сорта",False,True,False
42,клубника сирия описание сорта фото отзывы,0,1,7.0,"Фото, отзывы и оценка сорта",False,True,False
43,сорт малины краса россии описание,0,1,7.0,Описание и выбор конкретного сорта,False,False,False
44,клубника альбион описание сорта,0,1,9.0,Описание и выбор конкретного сорта,False,False,False
45,клубника клери описание сорта,0,1,9.0,Описание и выбор конкретного сорта,False,False,False
46,клубника сирия описание,0,1,9.0,Описание и выбор конкретного сорта,False,False,False
47,оранжевая ягода похожая на малину,0,1,9.0,"Неоднозначные, определения и чужая навигация",False,False,False
48,ex vitro,0,1,11.0,Размножение и технологии посадочного материала,False,False,False
49,карамелька малина,0,1,11.0,Описание и выбор конкретного сорта,False,False,False
50,клубника альбион описание,0,1,11.0,Описание и выбор конкретного сорта,False,False,False
51,клубника дели,0,1,11.0,Описание и выбор конкретного сорта,False,False,False
52,клубника кокинская ранняя отзывы,0,1,11.0,"Фото, отзывы и оценка сорта",False,True,False
53,клубника магнус описание сорта,0,1,11.0,Описание и выбор конкретного сорта,False,False,False
54,малина журавлик описание сорта,0,1,11.0,Описание и выбор конкретного сорта,False,False,False
55,малина краса россии описание,0,1,11.0,Описание и выбор конкретного сорта,False,False,False
56,малина похвалинка фото,0,1,11.0,"Фото, отзывы и оценка сорта",False,True,False
57,мурано клубника описание,0,1,11.0,Описание и выбор конкретного сорта,False,False,False
58,парландо клубника,0,1,11.0,Описание и выбор конкретного сорта,False,False,False
59,капельный полив для малины,0,1,12.0,"Уход, сроки и проблемы растений",False,False,False
60,"""сорта клубники""",0,1,16.0,Выбор сортов для региона / общий каталог,False,False,False
61,клубника великобритания описание сорта,0,1,16.0,Описание и выбор конкретного сорта,False,False,False
62,сорт альба,0,1,17.0,Описание и выбор конкретного сорта,False,False,False
63,клубника frigo,0,1,21.0,Размножение и технологии посадочного материала,False,False,False
64,отзывы малинник ру,0,1,21.0,"Неоднозначные, определения и чужая навигация",False,True,False
65,клубника аромас,0,1,26.0,Описание и выбор конкретного сорта,False,False,False
66,клубника фаворит,0,1,27.0,Описание и выбор конкретного сорта,False,False,False
67,малина гибрид,0,1,28.0,"Неоднозначные, определения и чужая навигация",False,False,False
68,земляника альбион,0,1,29.0,Описание и выбор конкретного сорта,False,False,False
69,клубника хоней отзывы,0,1,30.0,"Фото, отзывы и оценка сорта",False,True,False
70,усы клубники фото,0,1,32.0,"Уход, сроки и проблемы растений",False,True,False
71,клубника царица описание сорта фото отзывы,0,1,38.0,"Фото, отзывы и оценка сорта",False,True,False
72,фриго клубника,0,1,39.0,Размножение и технологии посадочного материала,False,False,False
73,клубника клера,0,1,40.0,"Неоднозначные, определения и чужая навигация",False,False,False
74,что значит in vitro,0,1,43.0,Размножение и технологии посадочного материала,False,False,False
75,почему желтеют листья малины в июне,0,1,47.0,"Уход, сроки и проблемы растений",False,False,False
76,пересадка клубники осенью на новое место,0,1,49.0,"Уход, сроки и проблемы растений",False,False,False
77,какой сорт клубники выбрать для посадки на урале,0,1,50.0,Выбор сортов для региона / общий каталог,False,False,True
78,азия клубника,0,1,53.0,Описание и выбор конкретного сорта,False,False,False
79,сорта клубники,0,1,67.0,Выбор сортов для региона / общий каталог,False,False,False
80,сорт клубники клери,0,1,84.0,Описание и выбор конкретного сорта,False,False,False
81,малина рубиновое ожерелье описание,0,1,85.0,Описание и выбор конкретного сорта,False,False,False
82,мальвина клубника,0,1,91.0,Описание и выбор конкретного сорта,False,False,False
