query,cluster,demand,clicks,competition_code,competition,scope,target_path,action,editorial_note,seed_sources,table_sources,observations,metric_conflict,editorial_priority,task_id,work_status,reviewed_intent,source_url,matched_competitor_pages
болезни клубники,болезни клубники,1026,1273,LOW,Низкая,garden,/instrumenty/proverka-rasteniya/,new_diagnostic_hub,Подготовить руководство по болезням клубники с проверяемыми фото и различиями симптомов; связать с материалом о серой гнили.,болезни клубники | клубника,bolezni-klubniki.xlsx:Queries | klubnika.xlsx:Queries,2,False,P0,SEO-02,ready,garden; checked manually 2026-10-08,https://webmaster.yandex.ru/site/efficiency/wordcraft/?device=ALL_DEVICES&tab=GENERAL&query=%D0%B1%D0%BE%D0%BB%D0%B5%D0%B7%D0%BD%D0%B8+%D0%BA%D0%BB%D1%83%D0%B1%D0%BD%D0%B8%D0%BA%D0%B8&mode=QUERY&userQueries=PAGES&rivals=GENERAL&regions=225,https://pogoda.mail.ru/news/66104528/ | https://www.botanichka.ru/article/bolezni-klubniki-chem-obrabotat-yagodnyj-kustarnik-posle-plodonosheniya/
болезни клубники описание с фотографиями,болезни клубники,824,1215,LOW,Низкая,garden,/instrumenty/proverka-rasteniya/,new_diagnostic_hub,Подготовить руководство по болезням клубники с проверяемыми фото и различиями симптомов; связать с материалом о серой гнили.,болезни клубники | клубника,bolezni-klubniki.xlsx:Queries | klubnika.xlsx:Queries,2,False,P0,SEO-02,ready,garden; checked manually 2026-10-08,https://webmaster.yandex.ru/site/efficiency/wordcraft/?device=ALL_DEVICES&tab=GENERAL&query=%D0%B1%D0%BE%D0%BB%D0%B5%D0%B7%D0%BD%D0%B8+%D0%BA%D0%BB%D1%83%D0%B1%D0%BD%D0%B8%D0%BA%D0%B8&mode=QUERY&userQueries=PAGES&rivals=GENERAL&regions=225,https://pogoda.mail.ru/news/66104528/ | https://www.botanichka.ru/article/bolezni-klubniki-chem-obrabotat-yagodnyj-kustarnik-posle-plodonosheniya/
азия клубника описание,клубника азия,718,587,LOW,Низкая,garden,/sorta/aziya/,improve_cultivar,"Проверить полноту описания, фото и сравнения; отзывы и урожайность добавлять только по фактическим источникам.",клубника,klubnika.xlsx:Queries,1,False,P0,SEO-03,ready,garden; checked manually 2026-10-08,https://webmaster.yandex.ru/site/efficiency/wordcraft/?device=ALL_DEVICES&tab=GENERAL&query=%D0%BA%D0%BB%D1%83%D0%B1%D0%BD%D0%B8%D0%BA%D0%B0&mode=QUERY&userQueries=PAGES&rivals=GENERAL&regions=225,
болезни клубники описание с фотографиями и способы лечения летом,болезни клубники,542,899,LOW,Низкая,garden,/instrumenty/proverka-rasteniya/,new_diagnostic_hub,Подготовить руководство по болезням клубники с проверяемыми фото и различиями симптомов; связать с материалом о серой гнили.,болезни клубники | клубника,bolezni-klubniki.xlsx:Queries | klubnika.xlsx:Queries,2,False,P0,SEO-02,ready,garden; checked manually 2026-10-08,https://webmaster.yandex.ru/site/efficiency/wordcraft/?device=ALL_DEVICES&tab=GENERAL&query=%D0%B1%D0%BE%D0%BB%D0%B5%D0%B7%D0%BD%D0%B8+%D0%BA%D0%BB%D1%83%D0%B1%D0%BD%D0%B8%D0%BA%D0%B8&mode=QUERY&userQueries=PAGES&rivals=GENERAL&regions=225,https://pogoda.mail.ru/news/66104528/ | https://www.botanichka.ru/article/bolezni-klubniki-chem-obrabotat-yagodnyj-kustarnik-posle-plodonosheniya/
болезни клубники фото и описание чем лечить,болезни клубники,405,678,LOW,Низкая,garden,/instrumenty/proverka-rasteniya/,new_diagnostic_hub,Подготовить руководство по болезням клубники с проверяемыми фото и различиями симптомов; связать с материалом о серой гнили.,болезни клубники | клубника,bolezni-klubniki.xlsx:Queries | klubnika.xlsx:Queries,2,False,P0,SEO-02,ready,garden; checked manually 2026-10-08,https://webmaster.yandex.ru/site/efficiency/wordcraft/?device=ALL_DEVICES&tab=GENERAL&query=%D0%B1%D0%BE%D0%BB%D0%B5%D0%B7%D0%BD%D0%B8+%D0%BA%D0%BB%D1%83%D0%B1%D0%BD%D0%B8%D0%BA%D0%B8&mode=QUERY&userQueries=PAGES&rivals=GENERAL&regions=225,https://pogoda.mail.ru/news/66104528/
болезни клубники описание с фотографиями и способы лечения,болезни клубники,341,532,LOW,Низкая,garden,/instrumenty/proverka-rasteniya/,new_diagnostic_hub,Подготовить руководство по болезням клубники с проверяемыми фото и различиями симптомов; связать с материалом о серой гнили.,болезни клубники | клубника,bolezni-klubniki.xlsx:Queries | klubnika.xlsx:Queries,2,False,P0,SEO-02,ready,garden; checked manually 2026-10-08,https://webmaster.yandex.ru/site/efficiency/wordcraft/?device=ALL_DEVICES&tab=GENERAL&query=%D0%B1%D0%BE%D0%BB%D0%B5%D0%B7%D0%BD%D0%B8+%D0%BA%D0%BB%D1%83%D0%B1%D0%BD%D0%B8%D0%BA%D0%B8&mode=QUERY&userQueries=PAGES&rivals=GENERAL&regions=225,https://pogoda.mail.ru/news/66104528/ | https://www.botanichka.ru/article/bolezni-klubniki-chem-obrabotat-yagodnyj-kustarnik-posle-plodonosheniya/
дидимелла на малине как бороться,дидимелла на малине как бороться,277,290,LOW,Низкая,garden,,new_article,"Дидимелла: проверить диагностику по первоисточникам, затем подготовить материал; схемы препаратов требуют актуальной проверки.",малина,malina.xlsx:Queries,1,False,P1,SEO-04,ready,garden; checked manually 2026-10-08,https://webmaster.yandex.ru/site/efficiency/wordcraft/?device=ALL_DEVICES&tab=GENERAL&query=%D0%BC%D0%B0%D0%BB%D0%B8%D0%BD%D0%B0&mode=QUERY&userQueries=PAGES&rivals=GENERAL&regions=225,
малина таруса описание сорта фото отзывы садоводов,малина таруса,236,261,LOW,Низкая,garden,/sorta/tarusa/,improve_cultivar,"Проверить полноту описания, фото и сравнения; отзывы и урожайность добавлять только по фактическим источникам.",малина | сорта малины,malina.xlsx:Queries | sorta-maliny.xlsx:Queries,2,False,P0,SEO-03,ready,garden; checked manually 2026-10-08,https://webmaster.yandex.ru/site/efficiency/wordcraft/?device=ALL_DEVICES&tab=GENERAL&query=%D0%BC%D0%B0%D0%BB%D0%B8%D0%BD%D0%B0&mode=QUERY&userQueries=PAGES&rivals=GENERAL&regions=225,
чем подкормить малину в июле,чем подкормить малину в июле,176,133,LOW,Низкая,garden,,new_article,Подготовить единый материал о питании малины по фазе и анализу почвы; месяцы учесть внутри него.,малина,malina.xlsx:Queries,1,False,P1,SEO-05,ready,garden; checked manually 2026-10-08,https://webmaster.yandex.ru/site/efficiency/wordcraft/?device=ALL_DEVICES&tab=GENERAL&query=%D0%BC%D0%B0%D0%BB%D0%B8%D0%BD%D0%B0&mode=QUERY&userQueries=PAGES&rivals=GENERAL&regions=225,
лучшие сорта малины для подмосковья,лучшие сорта малины для подмосковья,173,256,LOW,Низкая,garden,/zhurnal/sorta-maliny-dlya-podmoskovya-kak-vybrat/,improve_existing,Связать выбор со сравнением сортов и условиями участка; отзывы и урожайность показывать только с реальными данными.,малина | сорта малины,malina.xlsx:Queries | sorta-maliny.xlsx:Queries,2,False,P1,W-16,title_meta_updated_locally; body_followup_planned,garden; checked manually 2026-10-08,https://webmaster.yandex.ru/site/efficiency/wordcraft/?device=ALL_DEVICES&tab=GENERAL&query=%D0%BC%D0%B0%D0%BB%D0%B8%D0%BD%D0%B0&mode=QUERY&userQueries=PAGES&rivals=GENERAL&regions=225,
тибетская малина отзывы,тибетская малина отзывы,159,158,LOW,Низкая,garden,,new_botanical_article,"Сначала установить вид и источники; объяснить отличие от обычной малины, добавить проверяемые фото.",малина,malina.xlsx:Queries,1,False,P2,SEO-06,candidate,garden; checked manually 2026-10-08,https://webmaster.yandex.ru/site/efficiency/wordcraft/?device=ALL_DEVICES&tab=GENERAL&query=%D0%BC%D0%B0%D0%BB%D0%B8%D0%BD%D0%B0&mode=QUERY&userQueries=PAGES&rivals=GENERAL&regions=225,
клубника чамора туруси описание сорта фото отзывы садоводов урожайность,клубника чамора туруси,153,167,LOW,Низкая,garden,,verify_cultivar,Сорта ещё нет в каталоге: сначала установить идентичность и собрать первоисточники; не создавать карточку из поисковой фразы.,сорта клубники,sorta-klubniki.xlsx:Queries,1,False,P2,SEO-07,candidate,garden; checked manually 2026-10-08,https://webmaster.yandex.ru/site/efficiency/wordcraft/?device=ALL_DEVICES&tab=GENERAL&query=%D1%81%D0%BE%D1%80%D1%82%D0%B0+%D0%BA%D0%BB%D1%83%D0%B1%D0%BD%D0%B8%D0%BA%D0%B8&mode=QUERY&userQueries=PAGES&rivals=GENERAL&regions=225,
тля на малине чем обработать,тля на малине чем обработать,150,244,LOW,Низкая,garden,/zhurnal/tlya-na-maline-chto-delat/,improve_existing,"Сохранить последовательность осмотра, механических действий и проверки выбранного средства.",малина,malina.xlsx:Queries,1,False,P1,W-16,title_meta_updated_locally; body_followup_planned,garden; checked manually 2026-10-08,https://webmaster.yandex.ru/site/efficiency/wordcraft/?device=ALL_DEVICES&tab=GENERAL&query=%D0%BC%D0%B0%D0%BB%D0%B8%D0%BD%D0%B0&mode=QUERY&userQueries=PAGES&rivals=GENERAL&regions=225,
болезни клубники фото,болезни клубники,143,209,LOW,Низкая,garden,/instrumenty/proverka-rasteniya/,new_diagnostic_hub,Подготовить руководство по болезням клубники с проверяемыми фото и различиями симптомов; связать с материалом о серой гнили.,болезни клубники | клубника,bolezni-klubniki.xlsx:Queries | klubnika.xlsx:Queries,2,False,P0,SEO-02,ready,garden; checked manually 2026-10-08,https://webmaster.yandex.ru/site/efficiency/wordcraft/?device=ALL_DEVICES&tab=GENERAL&query=%D0%B1%D0%BE%D0%BB%D0%B5%D0%B7%D0%BD%D0%B8+%D0%BA%D0%BB%D1%83%D0%B1%D0%BD%D0%B8%D0%BA%D0%B8&mode=QUERY&userQueries=PAGES&rivals=GENERAL&regions=225,https://pogoda.mail.ru/news/66104528/
клубника ания описание сорта,клубника ания,140,141,LOW,Низкая,garden,/sorta/aniya/,improve_cultivar,"Проверить полноту описания, фото и сравнения; отзывы и урожайность добавлять только по фактическим источникам.",сорта клубники,sorta-klubniki.xlsx:Queries,1,False,P0,SEO-03,ready,garden; checked manually 2026-10-08,https://webmaster.yandex.ru/site/efficiency/wordcraft/?device=ALL_DEVICES&tab=GENERAL&query=%D1%81%D0%BE%D1%80%D1%82%D0%B0+%D0%BA%D0%BB%D1%83%D0%B1%D0%BD%D0%B8%D0%BA%D0%B8&mode=QUERY&userQueries=PAGES&rivals=GENERAL&regions=225,
малина гордость россии описание сорта фото отзывы,малина гордость россии,133,155,LOW,Низкая,garden,,verify_cultivar,Сорта ещё нет в каталоге: сначала установить идентичность и собрать первоисточники; не создавать карточку из поисковой фразы.,малина | сорта малины,malina.xlsx:Queries | sorta-maliny.xlsx:Queries,2,False,P2,SEO-07,candidate,garden; checked manually 2026-10-08,https://webmaster.yandex.ru/site/efficiency/wordcraft/?device=ALL_DEVICES&tab=GENERAL&query=%D0%BC%D0%B0%D0%BB%D0%B8%D0%BD%D0%B0&mode=QUERY&userQueries=PAGES&rivals=GENERAL&regions=225,
гигантелла клубника описание сорта фото отзывы садоводов,клубника гигантелла,120,128,LOW,Низкая,garden,,verify_cultivar,Сорта ещё нет в каталоге: сначала установить идентичность и собрать первоисточники; не создавать карточку из поисковой фразы.,сорта клубники,sorta-klubniki.xlsx:Queries,1,False,P2,SEO-07,candidate,garden; checked manually 2026-10-08,https://webmaster.yandex.ru/site/efficiency/wordcraft/?device=ALL_DEVICES&tab=GENERAL&query=%D1%81%D0%BE%D1%80%D1%82%D0%B0+%D0%BA%D0%BB%D1%83%D0%B1%D0%BD%D0%B8%D0%BA%D0%B8&mode=QUERY&userQueries=PAGES&rivals=GENERAL&regions=225,
чамора туруси клубника описание сорта фото отзывы садоводов урожайность,клубника чамора туруси,118,115,LOW,Низкая,garden,,verify_cultivar,Сорта ещё нет в каталоге: сначала установить идентичность и собрать первоисточники; не создавать карточку из поисковой фразы.,сорта клубники,sorta-klubniki.xlsx:Queries,1,False,P2,SEO-07,candidate,garden; checked manually 2026-10-08,https://webmaster.yandex.ru/site/efficiency/wordcraft/?device=ALL_DEVICES&tab=GENERAL&query=%D1%81%D0%BE%D1%80%D1%82%D0%B0+%D0%BA%D0%BB%D1%83%D0%B1%D0%BD%D0%B8%D0%BA%D0%B8&mode=QUERY&userQueries=PAGES&rivals=GENERAL&regions=225,
малина маравила описание сорта фото отзывы садоводов урожайность,малина маравилла описание сорта,117,119,LOW,Низкая,garden,,verify_cultivar,Сорта ещё нет в каталоге: сначала установить идентичность и собрать первоисточники; не создавать карточку из поисковой фразы.,малина | сорта малины,malina.xlsx:Queries | sorta-maliny.xlsx:Queries,2,False,P2,SEO-07,candidate,garden; checked manually 2026-10-08,https://webmaster.yandex.ru/site/efficiency/wordcraft/?device=ALL_DEVICES&tab=GENERAL&query=%D0%BC%D0%B0%D0%BB%D0%B8%D0%BD%D0%B0&mode=QUERY&userQueries=PAGES&rivals=GENERAL&regions=225,
клубника прими описание сорта,клубника прими,115,119,LOW,Низкая,garden,,verify_cultivar,Сорта ещё нет в каталоге: сначала установить идентичность и собрать первоисточники; не создавать карточку из поисковой фразы.,сорта клубники,sorta-klubniki.xlsx:Queries,1,False,P2,SEO-07,candidate,garden; checked manually 2026-10-08,https://webmaster.yandex.ru/site/efficiency/wordcraft/?device=ALL_DEVICES&tab=GENERAL&query=%D1%81%D0%BE%D1%80%D1%82%D0%B0+%D0%BA%D0%BB%D1%83%D0%B1%D0%BD%D0%B8%D0%BA%D0%B8&mode=QUERY&userQueries=PAGES&rivals=GENERAL&regions=225,
дидимелла на малине фото,дидимелла на малине как бороться,114,117,LOW,Низкая,garden,,new_article,"Дидимелла: проверить диагностику по первоисточникам, затем подготовить материал; схемы препаратов требуют актуальной проверки.",малина,malina.xlsx:Queries,1,False,P1,SEO-04,ready,garden; checked manually 2026-10-08,https://webmaster.yandex.ru/site/efficiency/wordcraft/?device=ALL_DEVICES&tab=GENERAL&query=%D0%BC%D0%B0%D0%BB%D0%B8%D0%BD%D0%B0&mode=QUERY&userQueries=PAGES&rivals=GENERAL&regions=225,
априка клубника описание сорта фото отзывы садоводов,клубника априка,108,115,LOW,Низкая,garden,/sorta/aprika/,improve_cultivar,"Проверить полноту описания, фото и сравнения; отзывы и урожайность добавлять только по фактическим источникам.",сорта клубники,sorta-klubniki.xlsx:Queries,1,False,P0,SEO-03,ready,garden; checked manually 2026-10-08,https://webmaster.yandex.ru/site/efficiency/wordcraft/?device=ALL_DEVICES&tab=GENERAL&query=%D1%81%D0%BE%D1%80%D1%82%D0%B0+%D0%BA%D0%BB%D1%83%D0%B1%D0%BD%D0%B8%D0%BA%D0%B8&mode=QUERY&userQueries=PAGES&rivals=GENERAL&regions=225,
малина сказка описание сорта фото отзывы особенности выращивания,малина сказка,108,145,LOW,Низкая,garden,,verify_cultivar,Сорта ещё нет в каталоге: сначала установить идентичность и собрать первоисточники; не создавать карточку из поисковой фразы.,малина | сорта малины,malina.xlsx:Queries | sorta-maliny.xlsx:Queries,2,False,P2,SEO-07,candidate,garden; checked manually 2026-10-08,https://webmaster.yandex.ru/site/efficiency/wordcraft/?device=ALL_DEVICES&tab=GENERAL&query=%D0%BC%D0%B0%D0%BB%D0%B8%D0%BD%D0%B0&mode=QUERY&userQueries=PAGES&rivals=GENERAL&regions=225,
желтеют листья клубники,желтеют листья клубники,102,262,LOW,Низкая,garden,/instrumenty/proverka-rasteniya/,new_diagnostic_article,Проверить причины пожелтения клубники; материал о малине не отвечает этому запросу.,клубника,klubnika.xlsx:Queries,1,False,P2,W-16,candidate,garden; checked manually 2026-10-08,https://webmaster.yandex.ru/site/efficiency/wordcraft/?device=ALL_DEVICES&tab=GENERAL&query=%D0%BA%D0%BB%D1%83%D0%B1%D0%BD%D0%B8%D0%BA%D0%B0&mode=QUERY&userQueries=PAGES&rivals=GENERAL&regions=225,
малина гордость россии описание сорта фото отзывы садоводов,малина гордость россии,100,127,LOW,Низкая,garden,,verify_cultivar,Сорта ещё нет в каталоге: сначала установить идентичность и собрать первоисточники; не создавать карточку из поисковой фразы.,малина | сорта малины,malina.xlsx:Queries | sorta-maliny.xlsx:Queries,2,False,P2,SEO-07,candidate,garden; checked manually 2026-10-08,https://webmaster.yandex.ru/site/efficiency/wordcraft/?device=ALL_DEVICES&tab=GENERAL&query=%D0%BC%D0%B0%D0%BB%D0%B8%D0%BD%D0%B0&mode=QUERY&userQueries=PAGES&rivals=GENERAL&regions=225,
клубника сенсация описание сорта фото отзывы садоводов урожайность,клубника сенсация,99,138,LOW,Низкая,garden,,verify_cultivar,Сорта ещё нет в каталоге: сначала установить идентичность и собрать первоисточники; не создавать карточку из поисковой фразы.,сорта клубники,sorta-klubniki.xlsx:Queries,1,False,P2,SEO-07,candidate,garden; checked manually 2026-10-08,https://webmaster.yandex.ru/site/efficiency/wordcraft/?device=ALL_DEVICES&tab=GENERAL&query=%D1%81%D0%BE%D1%80%D1%82%D0%B0+%D0%BA%D0%BB%D1%83%D0%B1%D0%BD%D0%B8%D0%BA%D0%B8&mode=QUERY&userQueries=PAGES&rivals=GENERAL&regions=225,
хлороз малины,хлороз малины,99,96,LOW,Низкая,garden,/zhurnal/zhelteyut-listya-maliny-chto-proverit/,improve_existing,"Уточнить ответы по рисунку симптомов, воде и анализу; хлороз не превращать в диагноз по фото.",малина,malina.xlsx:Queries,1,False,P1,W-16,title_meta_updated_locally; body_followup_planned,garden; checked manually 2026-10-08,https://webmaster.yandex.ru/site/efficiency/wordcraft/?device=ALL_DEVICES&tab=GENERAL&query=%D0%BC%D0%B0%D0%BB%D0%B8%D0%BD%D0%B0&mode=QUERY&userQueries=PAGES&rivals=GENERAL&regions=225,
клубника априка описание сорта фото отзывы садоводов урожайность,клубника априка,97,124,LOW,Низкая,garden,/sorta/aprika/,improve_cultivar,"Проверить полноту описания, фото и сравнения; отзывы и урожайность добавлять только по фактическим источникам.",сорта клубники,sorta-klubniki.xlsx:Queries,1,False,P0,SEO-03,ready,garden; checked manually 2026-10-08,https://webmaster.yandex.ru/site/efficiency/wordcraft/?device=ALL_DEVICES&tab=GENERAL&query=%D1%81%D0%BE%D1%80%D1%82%D0%B0+%D0%BA%D0%BB%D1%83%D0%B1%D0%BD%D0%B8%D0%BA%D0%B8&mode=QUERY&userQueries=PAGES&rivals=GENERAL&regions=225,
чамора туруси клубника описание сорта фото отзывы,клубника чамора туруси,95,89,LOW,Низкая,garden,,verify_cultivar,Сорта ещё нет в каталоге: сначала установить идентичность и собрать первоисточники; не создавать карточку из поисковой фразы.,сорта клубники,sorta-klubniki.xlsx:Queries,1,False,P2,SEO-07,candidate,garden; checked manually 2026-10-08,https://webmaster.yandex.ru/site/efficiency/wordcraft/?device=ALL_DEVICES&tab=GENERAL&query=%D1%81%D0%BE%D1%80%D1%82%D0%B0+%D0%BA%D0%BB%D1%83%D0%B1%D0%BD%D0%B8%D0%BA%D0%B8&mode=QUERY&userQueries=PAGES&rivals=GENERAL&regions=225,
болезни клубники фото и описание,болезни клубники,91,154,LOW,Низкая,garden,/instrumenty/proverka-rasteniya/,new_diagnostic_hub,Подготовить руководство по болезням клубники с проверяемыми фото и различиями симптомов; связать с материалом о серой гнили.,болезни клубники,bolezni-klubniki.xlsx:Queries,1,False,P0,SEO-02,ready,garden; checked manually 2026-10-08,https://webmaster.yandex.ru/site/efficiency/wordcraft/?device=ALL_DEVICES&tab=GENERAL&query=%D0%B1%D0%BE%D0%BB%D0%B5%D0%B7%D0%BD%D0%B8+%D0%BA%D0%BB%D1%83%D0%B1%D0%BD%D0%B8%D0%BA%D0%B8&mode=QUERY&userQueries=PAGES&rivals=GENERAL&regions=225,https://pogoda.mail.ru/news/66104528/
почему желтеют листья у малины,хлороз малины,90,90,LOW,Низкая,garden,/zhurnal/zhelteyut-listya-maliny-chto-proverit/,improve_existing,"Уточнить ответы по рисунку симптомов, воде и анализу; хлороз не превращать в диагноз по фото.",малина,malina.xlsx:Queries,1,False,P1,W-16,title_meta_updated_locally; body_followup_planned,garden; checked manually 2026-10-08,https://webmaster.yandex.ru/site/efficiency/wordcraft/?device=ALL_DEVICES&tab=GENERAL&query=%D0%BC%D0%B0%D0%BB%D0%B8%D0%BD%D0%B0&mode=QUERY&userQueries=PAGES&rivals=GENERAL&regions=225,
клубника клери описание сорта фото отзывы садоводов форум садоводов,клубника клери описание сорта фото отзывы,84,123,LOW,Низкая,garden,/sorta/kleri/,improve_cultivar,"Проверить полноту описания, фото и сравнения; отзывы и урожайность добавлять только по фактическим источникам.",сорта клубники,sorta-klubniki.xlsx:Queries,1,False,P0,SEO-03,ready,garden; checked manually 2026-10-08,https://webmaster.yandex.ru/site/efficiency/wordcraft/?device=ALL_DEVICES&tab=GENERAL&query=%D1%81%D0%BE%D1%80%D1%82%D0%B0+%D0%BA%D0%BB%D1%83%D0%B1%D0%BD%D0%B8%D0%BA%D0%B8&mode=QUERY&userQueries=PAGES&rivals=GENERAL&regions=225,
желтеют листья у малины как бороться,желтеют листья у малины как бороться,82,99,LOW,Низкая,garden,/zhurnal/zhelteyut-listya-maliny-chto-proverit/,improve_existing,"Уточнить ответы по рисунку симптомов, воде и анализу; хлороз не превращать в диагноз по фото.",малина,malina.xlsx:Queries,1,False,P1,W-16,title_meta_updated_locally; body_followup_planned,garden; checked manually 2026-10-08,https://webmaster.yandex.ru/site/efficiency/wordcraft/?device=ALL_DEVICES&tab=GENERAL&query=%D0%BC%D0%B0%D0%BB%D0%B8%D0%BD%D0%B0&mode=QUERY&userQueries=PAGES&rivals=GENERAL&regions=225,
лучшие сорта малины для подмосковья для открытого грунта,лучшие сорта малины для подмосковья,76,108,LOW,Низкая,garden,/zhurnal/sorta-maliny-dlya-podmoskovya-kak-vybrat/,improve_existing,Связать выбор со сравнением сортов и условиями участка; отзывы и урожайность показывать только с реальными данными.,малина | сорта малины,malina.xlsx:Queries | sorta-maliny.xlsx:Queries,2,False,P1,W-16,title_meta_updated_locally; body_followup_planned,garden; checked manually 2026-10-08,https://webmaster.yandex.ru/site/efficiency/wordcraft/?device=ALL_DEVICES&tab=GENERAL&query=%D0%BC%D0%B0%D0%BB%D0%B8%D0%BD%D0%B0&mode=QUERY&userQueries=PAGES&rivals=GENERAL&regions=225,
болезни клубники по листьям описание с фотографиями и способы лечения,болезни клубники,75,151,LOW,Низкая,garden,/instrumenty/proverka-rasteniya/,new_diagnostic_hub,Подготовить руководство по болезням клубники с проверяемыми фото и различиями симптомов; связать с материалом о серой гнили.,болезни клубники,bolezni-klubniki.xlsx:Queries,1,False,P0,SEO-02,ready,garden; checked manually 2026-10-08,https://webmaster.yandex.ru/site/efficiency/wordcraft/?device=ALL_DEVICES&tab=GENERAL&query=%D0%B1%D0%BE%D0%BB%D0%B5%D0%B7%D0%BD%D0%B8+%D0%BA%D0%BB%D1%83%D0%B1%D0%BD%D0%B8%D0%BA%D0%B8&mode=QUERY&userQueries=PAGES&rivals=GENERAL&regions=225,https://pogoda.mail.ru/news/66104528/ | https://www.botanichka.ru/article/bolezni-klubniki-chem-obrabotat-yagodnyj-kustarnik-posle-plodonosheniya/
лучшие сорта клубники для сибири,сорта клубники для сибири,75,129,LOW,Низкая,garden,/podbor/,improve_selector,Использовать место и подтверждённый допуск; местную урожайность не выводить из допуска.,сорта клубники,sorta-klubniki.xlsx:Queries,1,False,P2,W-14,planned,garden; checked manually 2026-10-08,https://webmaster.yandex.ru/site/efficiency/wordcraft/?device=ALL_DEVICES&tab=GENERAL&query=%D1%81%D0%BE%D1%80%D1%82%D0%B0+%D0%BA%D0%BB%D1%83%D0%B1%D0%BD%D0%B8%D0%BA%D0%B8&mode=QUERY&userQueries=PAGES&rivals=GENERAL&regions=225,
клубника кабрилло описание сорта фото отзывы садоводов урожайность,клубника кабрилло,74,94,LOW,Низкая,garden,/sorta/cabrillo/,improve_cultivar,"Проверить полноту описания, фото и сравнения; отзывы и урожайность добавлять только по фактическим источникам.",сорта клубники,sorta-klubniki.xlsx:Queries,1,False,P0,SEO-03,ready,garden; checked manually 2026-10-08,https://webmaster.yandex.ru/site/efficiency/wordcraft/?device=ALL_DEVICES&tab=GENERAL&query=%D1%81%D0%BE%D1%80%D1%82%D0%B0+%D0%BA%D0%BB%D1%83%D0%B1%D0%BD%D0%B8%D0%BA%D0%B8&mode=QUERY&userQueries=PAGES&rivals=GENERAL&regions=225,
сорт азия клубника описание,клубника азия,73,50,LOW,Низкая,garden,/sorta/aziya/,improve_cultivar,"Проверить полноту описания, фото и сравнения; отзывы и урожайность добавлять только по фактическим источникам.",сорта клубники,sorta-klubniki.xlsx:Queries,1,False,P0,SEO-03,ready,garden; checked manually 2026-10-08,https://webmaster.yandex.ru/site/efficiency/wordcraft/?device=ALL_DEVICES&tab=GENERAL&query=%D1%81%D0%BE%D1%80%D1%82%D0%B0+%D0%BA%D0%BB%D1%83%D0%B1%D0%BD%D0%B8%D0%BA%D0%B8&mode=QUERY&userQueries=PAGES&rivals=GENERAL&regions=225,
как избавиться от корней малины,как избавиться от корней малины,72,93,LOW,Низкая,garden,/zhurnal/malina-raspolzaetsya-po-uchastku/,improve_existing,"Проверить, ясно ли объяснены границы ряда и действия с порослью.",малина,malina.xlsx:Queries,1,False,P1,W-16,planned,garden; checked manually 2026-10-08,https://webmaster.yandex.ru/site/efficiency/wordcraft/?device=ALL_DEVICES&tab=GENERAL&query=%D0%BC%D0%B0%D0%BB%D0%B8%D0%BD%D0%B0&mode=QUERY&userQueries=PAGES&rivals=GENERAL&regions=225,
маравилла малина описание сорта фото отзывы,малина маравилла,72,66,LOW,Низкая,garden,,verify_cultivar,Сорта ещё нет в каталоге: сначала установить идентичность и собрать первоисточники; не создавать карточку из поисковой фразы.,сорта малины,sorta-maliny.xlsx:Queries,1,False,P2,SEO-07,candidate,garden; checked manually 2026-10-08,https://webmaster.yandex.ru/site/efficiency/wordcraft/?device=ALL_DEVICES&tab=GENERAL&query=%D1%81%D0%BE%D1%80%D1%82%D0%B0+%D0%BC%D0%B0%D0%BB%D0%B8%D0%BD%D1%8B&mode=QUERY&userQueries=PAGES&rivals=GENERAL&regions=225,
у малины желтеют листья что делать,хлороз малины,72,86,LOW,Низкая,garden,/zhurnal/zhelteyut-listya-maliny-chto-proverit/,improve_existing,"Уточнить ответы по рисунку симптомов, воде и анализу; хлороз не превращать в диагноз по фото.",малина,malina.xlsx:Queries,1,False,P1,W-16,title_meta_updated_locally; body_followup_planned,garden; checked manually 2026-10-08,https://webmaster.yandex.ru/site/efficiency/wordcraft/?device=ALL_DEVICES&tab=GENERAL&query=%D0%BC%D0%B0%D0%BB%D0%B8%D0%BD%D0%B0&mode=QUERY&userQueries=PAGES&rivals=GENERAL&regions=225,
клубника априка описание сорта фото отзывы,клубника априка,70,89,LOW,Низкая,garden,/sorta/aprika/,improve_cultivar,"Проверить полноту описания, фото и сравнения; отзывы и урожайность добавлять только по фактическим источникам.",сорта клубники,sorta-klubniki.xlsx:Queries,1,False,P0,SEO-03,ready,garden; checked manually 2026-10-08,https://webmaster.yandex.ru/site/efficiency/wordcraft/?device=ALL_DEVICES&tab=GENERAL&query=%D1%81%D0%BE%D1%80%D1%82%D0%B0+%D0%BA%D0%BB%D1%83%D0%B1%D0%BD%D0%B8%D0%BA%D0%B8&mode=QUERY&userQueries=PAGES&rivals=GENERAL&regions=225,
малина бальзам описание сорта,малина бальзам,67,61,LOW,Низкая,garden,/sorta/balzam/,improve_cultivar,"Проверить полноту описания, фото и сравнения; отзывы и урожайность добавлять только по фактическим источникам.",сорта малины,sorta-maliny.xlsx:Queries,1,False,P0,SEO-03,ready,garden; checked manually 2026-10-08,https://webmaster.yandex.ru/site/efficiency/wordcraft/?device=ALL_DEVICES&tab=GENERAL&query=%D1%81%D0%BE%D1%80%D1%82%D0%B0+%D0%BC%D0%B0%D0%BB%D0%B8%D0%BD%D1%8B&mode=QUERY&userQueries=PAGES&rivals=GENERAL&regions=225,
хлороз малины лечение,хлороз малины,67,91,LOW,Низкая,garden,/zhurnal/zhelteyut-listya-maliny-chto-proverit/,improve_existing,"Уточнить ответы по рисунку симптомов, воде и анализу; хлороз не превращать в диагноз по фото.",малина,malina.xlsx:Queries,1,False,P1,W-16,title_meta_updated_locally; body_followup_planned,garden; checked manually 2026-10-08,https://webmaster.yandex.ru/site/efficiency/wordcraft/?device=ALL_DEVICES&tab=GENERAL&query=%D0%BC%D0%B0%D0%BB%D0%B8%D0%BD%D0%B0&mode=QUERY&userQueries=PAGES&rivals=GENERAL&regions=225,
почему малина червивая что надо делать,почему малина червивая что надо делать,65,81,LOW,Низкая,garden,,new_diagnostic_article,Установить вредителя и признаки; не обещать универсальную обработку.,малина,malina.xlsx:Queries,1,False,P2,W-16,candidate,garden; checked manually 2026-10-08,https://webmaster.yandex.ru/site/efficiency/wordcraft/?device=ALL_DEVICES&tab=GENERAL&query=%D0%BC%D0%B0%D0%BB%D0%B8%D0%BD%D0%B0&mode=QUERY&userQueries=PAGES&rivals=GENERAL&regions=225,
болезни виктории описание с фотографиями и способы лечения,болезни клубники,63,106,LOW,Низкая,garden,/instrumenty/proverka-rasteniya/,new_diagnostic_hub,Подготовить руководство по болезням клубники с проверяемыми фото и различиями симптомов; связать с материалом о серой гнили.,болезни клубники | клубника,bolezni-klubniki.xlsx:AdditionalQueries | klubnika.xlsx:AdditionalQueries,2,False,P0,SEO-02,ready,garden; checked manually 2026-10-08,https://webmaster.yandex.ru/site/efficiency/wordcraft/?device=ALL_DEVICES&tab=ADDITIONAL&query=%D0%B1%D0%BE%D0%BB%D0%B5%D0%B7%D0%BD%D0%B8+%D0%BA%D0%BB%D1%83%D0%B1%D0%BD%D0%B8%D0%BA%D0%B8&mode=QUERY&userQueries=PAGES&rivals=ADDITIONAL&regions=225,https://pogoda.mail.ru/news/66104528/
сорта малины для подмосковья,лучшие сорта малины для подмосковья,63,83,LOW,Низкая,garden,/zhurnal/sorta-maliny-dlya-podmoskovya-kak-vybrat/,improve_existing,Связать выбор со сравнением сортов и условиями участка; отзывы и урожайность показывать только с реальными данными.,малина | сорта малины,malina.xlsx:Queries | sorta-maliny.xlsx:Queries,2,False,P1,W-16,title_meta_updated_locally; body_followup_planned,garden; checked manually 2026-10-08,https://webmaster.yandex.ru/site/efficiency/wordcraft/?device=ALL_DEVICES&tab=GENERAL&query=%D0%BC%D0%B0%D0%BB%D0%B8%D0%BD%D0%B0&mode=QUERY&userQueries=PAGES&rivals=GENERAL&regions=225,
малина патриция описание сорта фото отзывы,малина патриция,59,77,LOW,Низкая,garden,/sorta/patritsiya/,improve_cultivar,"Проверить полноту описания, фото и сравнения; отзывы и урожайность добавлять только по фактическим источникам.",малина | сорта малины,malina.xlsx:Queries | sorta-maliny.xlsx:Queries,2,False,P0,SEO-03,ready,garden; checked manually 2026-10-08,https://webmaster.yandex.ru/site/efficiency/wordcraft/?device=ALL_DEVICES&tab=GENERAL&query=%D0%BC%D0%B0%D0%BB%D0%B8%D0%BD%D0%B0&mode=QUERY&userQueries=PAGES&rivals=GENERAL&regions=225,
малина глен ампл описание сорта фото отзывы,малина глен ампл описание сорта фото отзывы,58,83,LOW,Низкая,garden,,verify_cultivar,Сорта ещё нет в каталоге: сначала установить идентичность и собрать первоисточники; не создавать карточку из поисковой фразы.,малина | сорта малины,malina.xlsx:Queries | sorta-maliny.xlsx:Queries,2,False,P2,SEO-07,candidate,garden; checked manually 2026-10-08,https://webmaster.yandex.ru/site/efficiency/wordcraft/?device=ALL_DEVICES&tab=GENERAL&query=%D0%BC%D0%B0%D0%BB%D0%B8%D0%BD%D0%B0&mode=QUERY&userQueries=PAGES&rivals=GENERAL&regions=225,
клубника болезни и лечение с фото,болезни клубники,56,86,LOW,Низкая,garden,/instrumenty/proverka-rasteniya/,new_diagnostic_hub,Подготовить руководство по болезням клубники с проверяемыми фото и различиями симптомов; связать с материалом о серой гнили.,болезни клубники,bolezni-klubniki.xlsx:Queries,1,False,P0,SEO-02,ready,garden; checked manually 2026-10-08,https://webmaster.yandex.ru/site/efficiency/wordcraft/?device=ALL_DEVICES&tab=GENERAL&query=%D0%B1%D0%BE%D0%BB%D0%B5%D0%B7%D0%BD%D0%B8+%D0%BA%D0%BB%D1%83%D0%B1%D0%BD%D0%B8%D0%BA%D0%B8&mode=QUERY&userQueries=PAGES&rivals=GENERAL&regions=225,https://pogoda.mail.ru/news/66104528/
сорта клубники для урала,лучшие сорта клубники для урала,53,73,LOW,Низкая,garden,/podbor/,improve_selector,Использовать место и подтверждённый допуск; местную урожайность не выводить из допуска.,сорта клубники,sorta-klubniki.xlsx:Queries,1,False,P2,W-14,planned,garden; checked manually 2026-10-08,https://webmaster.yandex.ru/site/efficiency/wordcraft/?device=ALL_DEVICES&tab=GENERAL&query=%D1%81%D0%BE%D1%80%D1%82%D0%B0+%D0%BA%D0%BB%D1%83%D0%B1%D0%BD%D0%B8%D0%BA%D0%B8&mode=QUERY&userQueries=PAGES&rivals=GENERAL&regions=225,
лучшие сорта клубники для урала,лучшие сорта клубники для урала,51,87,LOW,Низкая,garden,/podbor/,improve_selector,Использовать место и подтверждённый допуск; местную урожайность не выводить из допуска.,сорта клубники,sorta-klubniki.xlsx:Queries,1,False,P2,W-14,planned,garden; checked manually 2026-10-08,https://webmaster.yandex.ru/site/efficiency/wordcraft/?device=ALL_DEVICES&tab=GENERAL&query=%D1%81%D0%BE%D1%80%D1%82%D0%B0+%D0%BA%D0%BB%D1%83%D0%B1%D0%BD%D0%B8%D0%BA%D0%B8&mode=QUERY&userQueries=PAGES&rivals=GENERAL&regions=225,
лучшая малина для подмосковья,лучшие сорта малины для подмосковья,17,28,LOW,Низкая,garden,/zhurnal/sorta-maliny-dlya-podmoskovya-kak-vybrat/,improve_existing,Связать выбор со сравнением сортов и условиями участка; отзывы и урожайность показывать только с реальными данными.,болезни малины | сорта малины,bolezni-maliny.xlsx:AdditionalQueries | sorta-maliny.xlsx:AdditionalQueries,2,False,P1,W-16,title_meta_updated_locally; body_followup_planned,garden; checked manually 2026-10-08,https://webmaster.yandex.ru/site/efficiency/wordcraft/?device=ALL_DEVICES&tab=ADDITIONAL&query=%D0%B1%D0%BE%D0%BB%D0%B5%D0%B7%D0%BD%D0%B8+%D0%BC%D0%B0%D0%BB%D0%B8%D0%BD%D1%8B&mode=QUERY&userQueries=PAGES&rivals=ADDITIONAL&regions=225,
земляника даренка описание,клубника даренка,13,10,LOW,Низкая,garden,/sorta/darenka/,improve_cultivar,"Проверить полноту описания, фото и сравнения; отзывы и урожайность добавлять только по фактическим источникам.",сорта клубники,sorta-klubniki.xlsx:AdditionalQueries,1,False,P0,SEO-03,ready,garden; checked manually 2026-10-08,https://webmaster.yandex.ru/site/efficiency/wordcraft/?device=ALL_DEVICES&tab=ADDITIONAL&query=%D1%81%D0%BE%D1%80%D1%82%D0%B0+%D0%BA%D0%BB%D1%83%D0%B1%D0%BD%D0%B8%D0%BA%D0%B8&mode=QUERY&userQueries=PAGES&rivals=ADDITIONAL&regions=225,
малиновое дерево уход и выращивание и обрезка весной,малиновое дерево,13,18,LOW,Низкая,garden,/zhurnal/malinovoe-derevo-tarusa/,improve_existing,Проверить ответ о штамбовой форме и уходе; не превращать торговое название в ботанический вид.,малина,malina.xlsx:AdditionalQueries,1,False,P1,W-16,planned,garden; checked manually 2026-10-08,https://webmaster.yandex.ru/site/efficiency/wordcraft/?device=ALL_DEVICES&tab=ADDITIONAL&query=%D0%BC%D0%B0%D0%BB%D0%B8%D0%BD%D0%B0&mode=QUERY&userQueries=PAGES&rivals=ADDITIONAL&regions=225,
пурпурная пятнистость малины фото и их лечение,дидимелла на малине,12,14,LOW,Низкая,garden,,new_article,"Дидимелла: проверить диагностику по первоисточникам, затем подготовить материал; схемы препаратов требуют актуальной проверки.",болезни малины,bolezni-maliny.xlsx:AdditionalQueries,1,False,P1,SEO-04,ready,garden; checked manually 2026-10-08,https://webmaster.yandex.ru/site/efficiency/wordcraft/?device=ALL_DEVICES&tab=ADDITIONAL&query=%D0%B1%D0%BE%D0%BB%D0%B5%D0%B7%D0%BD%D0%B8+%D0%BC%D0%B0%D0%BB%D0%B8%D0%BD%D1%8B&mode=QUERY&userQueries=PAGES&rivals=ADDITIONAL&regions=225,
пурпурная пятнистость малины чем лечить,дидимелла на малине как бороться,12,15,LOW,Низкая,garden,,new_article,"Дидимелла: проверить диагностику по первоисточникам, затем подготовить материал; схемы препаратов требуют актуальной проверки.",болезни малины,bolezni-maliny.xlsx:AdditionalQueries,1,False,P1,SEO-04,ready,garden; checked manually 2026-10-08,https://webmaster.yandex.ru/site/efficiency/wordcraft/?device=ALL_DEVICES&tab=ADDITIONAL&query=%D0%B1%D0%BE%D0%BB%D0%B5%D0%B7%D0%BD%D0%B8+%D0%BC%D0%B0%D0%BB%D0%B8%D0%BD%D1%8B&mode=QUERY&userQueries=PAGES&rivals=ADDITIONAL&regions=225,
что такое ксд и нсд клубники,нсд сорта клубники что это,11,11,LOW,Низкая,garden,/zhurnal/remontantnaya-klubnika/,improve_existing,"Проверить, есть ли понятное объяснение терминов и повторного плодоношения.",сорта клубники,sorta-klubniki.xlsx:AdditionalQueries,1,False,P1,W-16,planned,garden; checked manually 2026-10-08,https://webmaster.yandex.ru/site/efficiency/wordcraft/?device=ALL_DEVICES&tab=ADDITIONAL&query=%D1%81%D0%BE%D1%80%D1%82%D0%B0+%D0%BA%D0%BB%D1%83%D0%B1%D0%BD%D0%B8%D0%BA%D0%B8&mode=QUERY&userQueries=PAGES&rivals=ADDITIONAL&regions=225,
