"query","monthly_users_exact_form","monthly_search_clicks","competition","canonical_url","answer_anchor","answer_type","missing_resources","photo_source_url","review_source_urls","review_resource_kinds"
"малина гордость россии описание сорта фото отзывы","133","155","Низкая","https://malinaklubnika.ru/sorta/gordost-rossii/","seo-reviews","cultivar_passport","photo","","https://7dach.ru/Alex_Eskin/podelites-opytom-vyraschivaniya-maliny-gordost-rossii-221162.html","grower_diary"
"априка клубника описание сорта фото отзывы садоводов","108","115","Низкая","https://malinaklubnika.ru/sorta/aprika/","otzyvy","cultivar_passport","gardener_reviews","https://pmc.ncbi.nlm.nih.gov/articles/PMC11125040/","",""
"малина гордость россии описание сорта фото отзывы садоводов","100","127","Низкая","https://malinaklubnika.ru/sorta/gordost-rossii/","seo-reviews","cultivar_passport","photo","","https://7dach.ru/Alex_Eskin/podelites-opytom-vyraschivaniya-maliny-gordost-rossii-221162.html","grower_diary"
"клубника априка описание сорта фото отзывы садоводов урожайность","97","124","Низкая","https://malinaklubnika.ru/sorta/aprika/","otzyvy","cultivar_passport","gardener_reviews","https://pmc.ncbi.nlm.nih.gov/articles/PMC11125040/","",""
"клубника априка описание сорта фото отзывы","70","89","Низкая","https://malinaklubnika.ru/sorta/aprika/","otzyvy","cultivar_passport","gardener_reviews","https://pmc.ncbi.nlm.nih.gov/articles/PMC11125040/","",""
"клубника крапо 10 описание сорта фото отзывы садоводов урожайность","69","102","Низкая","https://malinaklubnika.ru/sorta/strawberry-krapo-10/","seo-reviews","cultivar_passport","photo; gardener_reviews","","",""
"крапо 10 клубника описание сорта фото отзывы садоводов","60","79","Низкая","https://malinaklubnika.ru/sorta/strawberry-krapo-10/","seo-reviews","cultivar_passport","photo; gardener_reviews","","",""
"малина похвалинка описание сорта фото отзывы садоводов","43","72","Низкая","https://malinaklubnika.ru/sorta/pohvalinka/","otzyvy","cultivar_passport","photo; gardener_reviews","","",""
"гигантелла максим клубника описание сорта отзывы","39","48","Низкая","https://malinaklubnika.ru/sorta/strawberry-gigantella-maxim-tail/","seo-reviews","cultivar_passport","gardener_reviews","","",""
"малина пшехиба описание сорта фото отзывы садоводов","35","43","Низкая","https://malinaklubnika.ru/sorta/pshehiba/","otzyvy","cultivar_passport","gardener_reviews","https://www.brzezna.pl/malina-rubus-idaeus-przehyba/","",""
"клубника гирлянда описание сорта фото отзывы садоводов урожайность","29","45","Низкая","https://malinaklubnika.ru/sorta/strawberry-garland-trade-name/","seo-reviews","cultivar_passport","photo; gardener_reviews","","",""
"малина гордость россии описание сорта фото отзывы садоводов урожайность характеристика","28","42","Низкая","https://malinaklubnika.ru/sorta/gordost-rossii/","seo-reviews","cultivar_passport","photo","","https://7dach.ru/Alex_Eskin/podelites-opytom-vyraschivaniya-maliny-gordost-rossii-221162.html","grower_diary"
"гордость россии малина описание сорта фото отзывы","27","34","Низкая","https://malinaklubnika.ru/sorta/gordost-rossii/","seo-reviews","cultivar_passport","photo","","https://7dach.ru/Alex_Eskin/podelites-opytom-vyraschivaniya-maliny-gordost-rossii-221162.html","grower_diary"
"клубника максим описание сорта фото отзывы садоводов форум садоводов","26","42","Низкая","https://malinaklubnika.ru/sorta/strawberry-gigantella-maxim-tail/","seo-reviews","cultivar_passport","photo; gardener_reviews","","",""
"клубника брилла описание сорта фото отзывы садоводов урожайность","25","36","Низкая","https://malinaklubnika.ru/sorta/brilla/","otzyvy","cultivar_passport","photo; gardener_reviews","","",""
"клубника мице шиндлер описание сорта фото отзывы садоводов","25","31","Низкая","https://malinaklubnika.ru/sorta/michurin-schar-char/","seo-reviews","cultivar_passport","photo; gardener_reviews","","",""
"клубника мальга описание сорта фото отзывы садоводов урожайность","24","37","Низкая","https://malinaklubnika.ru/sorta/malga/","otzyvy","cultivar_passport","gardener_reviews","https://patents.google.com/patent/USPP28310P3/en","",""
"клубника лючия описание сорта фото отзывы","23","33","Низкая","https://malinaklubnika.ru/sorta/strawberry-lucia/","seo-reviews","cultivar_passport","photo; gardener_reviews","","",""
"клубника прими описание сорта фото отзывы","22","33","Низкая","https://malinaklubnika.ru/sorta/strawberry-premy/","seo-reviews","cultivar_passport","photo; gardener_reviews","","",""
"клубника сандра описание сорта фото отзывы садоводов урожайность","18","25","Низкая","https://malinaklubnika.ru/sorta/strawberry-sandra-bl34/","seo-reviews","cultivar_passport","photo; gardener_reviews","","",""
"клубника маршал описание сорта фото отзывы садоводов урожайность","16","25","Низкая","https://malinaklubnika.ru/sorta/strawberry-marshal/","seo-reviews","cultivar_passport","photo","","https://dachaotzyv.ru/klubnika-marshal/","external_published_reader_accounts"
"малина амира описание сорта фото отзывы садоводов урожайность","16","21","Низкая","https://malinaklubnika.ru/sorta/raspberry-amira/","seo-reviews","cultivar_passport","photo; gardener_reviews","","",""
"клубника лия сахарная описание сорта фото отзывы садоводов урожайность","15","26","Низкая","https://malinaklubnika.ru/sorta/strawberry-sugar-lia/","seo-reviews","cultivar_passport","photo; gardener_reviews","","",""
"клубника априка описание сорта и отзывы","13","16","Низкая","https://malinaklubnika.ru/sorta/aprika/","otzyvy","cultivar_passport","gardener_reviews","https://pmc.ncbi.nlm.nih.gov/articles/PMC11125040/","",""
"клубника даренка описание сорта фото отзывы садоводов","12","20","Низкая","https://malinaklubnika.ru/sorta/darenka/","otzyvy","cultivar_passport","gardener_reviews","https://www.agronauka-sv.ru/jour/article/view/1761","",""
"малина блэк джевел описание сорта фото отзывы садоводов","12","19","Низкая","https://malinaklubnika.ru/sorta/raspberry-black-jewel/","seo-reviews","cultivar_passport","photo; gardener_reviews","","",""
"клубника кармен описание сорта фото отзывы садоводов урожайность","11","18","Низкая","https://malinaklubnika.ru/sorta/strawberry-carmen-czech/","seo-reviews","cultivar_passport","photo; gardener_reviews","","",""
"клубника магнус описание сорта фото отзывы садоводов урожайность","11","17","Низкая","https://malinaklubnika.ru/sorta/magnus/","otzyvy","cultivar_passport","photo; gardener_reviews","","",""
"малина бальзам описание сорта фото отзывы","11","14","Низкая","https://malinaklubnika.ru/sorta/balzam/","otzyvy","cultivar_passport","photo; gardener_reviews","","",""
"клубника лючия описание сорта фото отзывы садоводов урожайность","10","21","Низкая","https://malinaklubnika.ru/sorta/strawberry-lucia/","seo-reviews","cultivar_passport","photo; gardener_reviews","","",""
"клубника маршал описание сорта фото отзывы","10","14","Низкая","https://malinaklubnika.ru/sorta/strawberry-marshal/","seo-reviews","cultivar_passport","photo","","https://dachaotzyv.ru/klubnika-marshal/","external_published_reader_accounts"
"клубника слоненок описание сорта фото отзывы садоводов урожайность","10","18","Низкая","https://malinaklubnika.ru/sorta/strawberry-slonenok/","seo-reviews","cultivar_passport","photo; gardener_reviews","","",""
"малина химбо топ описание сорта фото отзывы садоводов урожайность характеристика","10","13","Низкая","https://malinaklubnika.ru/sorta/raspberry-himbo-top/","seo-reviews","cultivar_passport","photo; gardener_reviews","","",""
"пшехиба малина описание сорта отзывы садоводов","10","15","Низкая","https://malinaklubnika.ru/sorta/pshehiba/","otzyvy","cultivar_passport","gardener_reviews","https://www.brzezna.pl/malina-rubus-idaeus-przehyba/","",""
"даренка клубника описание сорта фото отзывы","9","12","Низкая","https://malinaklubnika.ru/sorta/darenka/","otzyvy","cultivar_passport","gardener_reviews","https://www.agronauka-sv.ru/jour/article/view/1761","",""
"клубника богема описание сорта фото отзывы садоводов","9","14","Низкая","https://malinaklubnika.ru/sorta/strawberry-bogema/","seo-reviews","cultivar_passport","photo; gardener_reviews","","",""
"клубника сандра описание сорта фото отзывы","9","12","Низкая","https://malinaklubnika.ru/sorta/strawberry-sandra-bl34/","seo-reviews","cultivar_passport","photo; gardener_reviews","","",""
"малина исполин описание сорта фото отзывы садоводов","9","20","Низкая","https://malinaklubnika.ru/sorta/raspberry-ispolin/","seo-reviews","cultivar_passport","photo; gardener_reviews","","",""
"мара де буа клубника описание сорта фото отзывы садоводов","9","11","Низкая","https://malinaklubnika.ru/sorta/strawberry-mara-des-bois/","seo-reviews","cultivar_passport","photo; gardener_reviews","","",""
"клубника розария описание сорта фото отзывы садоводов урожайность","8","16","Низкая","https://malinaklubnika.ru/sorta/strawberry-rosaria-kraege/","seo-reviews","cultivar_passport","photo; gardener_reviews","","",""
"малина бальзам описание сорта фото отзывы садоводов урожайность","8","10","Низкая","https://malinaklubnika.ru/sorta/balzam/","otzyvy","cultivar_passport","photo; gardener_reviews","","",""
"клубника брилла описание сорта фото отзывы садоводов","7","18","Низкая","https://malinaklubnika.ru/sorta/brilla/","otzyvy","cultivar_passport","photo; gardener_reviews","","",""
"клубника фейт описание сорта фото отзывы садоводов урожайность","7","12","Низкая","https://malinaklubnika.ru/sorta/strawberry-faith/","seo-reviews","cultivar_passport","photo; gardener_reviews","","",""
"малина глен кое описание сорта отзывы садоводов","7","8","Низкая","https://malinaklubnika.ru/sorta/raspberry-glen-coe/","seo-reviews","cultivar_passport","gardener_reviews","","",""
"клубника прими описание сорта фото отзывы садоводов урожайность характеристика и описание","6","16","Низкая","https://malinaklubnika.ru/sorta/strawberry-premy/","seo-reviews","cultivar_passport","photo; gardener_reviews","","",""
"клубника фенелла описание сорта фото отзывы садоводов урожайность","6","16","Низкая","https://malinaklubnika.ru/sorta/strawberry-fenella/","seo-reviews","cultivar_passport","photo; gardener_reviews","","",""
"малина золотой гигант описание сорта фото отзывы садоводов","6","7","Низкая","https://malinaklubnika.ru/sorta/raspberry-zolotoy-gigant/","seo-reviews","cultivar_passport","photo; gardener_reviews","","",""
"малина медвежонок описание сорта фото отзывы","6","9","Низкая","https://malinaklubnika.ru/sorta/medvezhonok/","otzyvy","cultivar_passport","gardener_reviews","https://vstisp.org/vstisp/index.php/11-icetheme/sample-news/1455-medvezhonok","",""
"малина роялти описание сорта фото отзывы","6","11","Низкая","https://malinaklubnika.ru/sorta/raspberry-royalty/","seo-reviews","cultivar_passport","photo; gardener_reviews","","",""
"малина химботоп описание сорта фото отзывы садоводов урожайность","6","12","Низкая","https://malinaklubnika.ru/sorta/raspberry-himbo-top/","seo-reviews","cultivar_passport","photo; gardener_reviews","","",""
"малина награда описание сорта фото отзывы садоводов","5","8","Низкая","https://malinaklubnika.ru/sorta/raspberry-nagrada/","seo-reviews","cultivar_passport","photo; gardener_reviews","","",""
"малина глен ди описание сорта фото отзывы садоводов","4","7","Низкая","https://malinaklubnika.ru/sorta/raspberry-glen-dee/","seo-reviews","cultivar_passport","gardener_reviews","https://www.hutton.ac.uk/wp-content/uploads/2026/06/Glen-Dee.jpg","",""
"малина гордость россии описание сорта фото отзывы садоводов урожайность","4","7","Низкая","https://malinaklubnika.ru/sorta/gordost-rossii/","seo-reviews","cultivar_passport","photo","","https://7dach.ru/Alex_Eskin/podelites-opytom-vyraschivaniya-maliny-gordost-rossii-221162.html","grower_diary"
"малина желтая медовая описание сорта фото отзывы","4","8","Низкая","https://malinaklubnika.ru/sorta/raspberry-yellow-honey-trade/","seo-reviews","cultivar_passport","photo; gardener_reviews","","",""
"малина затонская описание сорта фото отзывы","4","6","Низкая","https://malinaklubnika.ru/sorta/raspberry-zatonskaya/","seo-reviews","cultivar_passport","photo; gardener_reviews","","",""
"малина затонская описание сорта фото отзывы садоводов","4","8","Низкая","https://malinaklubnika.ru/sorta/raspberry-zatonskaya/","seo-reviews","cultivar_passport","photo; gardener_reviews","","",""
"малина прималба описание сорта фото отзывы садоводов урожайность","4","12","Низкая","https://malinaklubnika.ru/sorta/raspberry-primalba/","seo-reviews","cultivar_passport","photo; gardener_reviews","","",""
"априка клубника описание отзывы","3","5","Низкая","https://malinaklubnika.ru/sorta/aprika/","otzyvy","cultivar_passport","gardener_reviews","https://pmc.ncbi.nlm.nih.gov/articles/PMC11125040/","",""
"клубника фенг сянг описание сорта отзывы садоводов урожайность","3","11","Низкая","https://malinaklubnika.ru/sorta/strawberry-feng-xiang-nursery/","seo-reviews","cultivar_passport","gardener_reviews","","",""
"малина блэк джевел описание сорта фото отзывы","3","6","Низкая","https://malinaklubnika.ru/sorta/raspberry-black-jewel/","seo-reviews","cultivar_passport","photo; gardener_reviews","","",""
"малина блэк джевел описание сорта фото отзывы особенности выращивания","3","5","Низкая","https://malinaklubnika.ru/sorta/raspberry-black-jewel/","seo-reviews","cultivar_passport","photo; gardener_reviews","","",""
"малина богатырь описание сорта фото отзывы садоводов урожайность характеристика","3","6","Низкая","https://malinaklubnika.ru/sorta/raspberry-bogatyr-trade/","seo-reviews","cultivar_passport","photo; gardener_reviews","","",""
"гордость россии малина описание сорта фото отзывы садоводов","2","2","Низкая","https://malinaklubnika.ru/sorta/gordost-rossii/","seo-reviews","cultivar_passport","photo","","https://7dach.ru/Alex_Eskin/podelites-opytom-vyraschivaniya-maliny-gordost-rossii-221162.html","grower_diary"
"земляника альфа описание сорта фото отзывы","2","2","Низкая","https://malinaklubnika.ru/sorta/alfa/","otzyvy","cultivar_passport","gardener_reviews","https://jbiochemtech.com/storage/models/article/bMUh1GtjLrbMv0U5GbVt14NkkfQ2frw7KZS6iVW7Iv1VKS7RXJ6GRMwbz9KS/garden-strawberry-varieties-of-the-all-russian-horticultural-institute-for-breeding-agrotechnology.pdf#page=5","",""
"земляника прими описание сорта фото отзывы","2","2","Низкая","https://malinaklubnika.ru/sorta/strawberry-premy/","seo-reviews","cultivar_passport","photo; gardener_reviews","","",""
"земляника фейт описание сорта фото отзывы","2","2","Низкая","https://malinaklubnika.ru/sorta/strawberry-faith/","seo-reviews","cultivar_passport","photo; gardener_reviews","","",""
"клубника априка описание отзывы","2","2","Низкая","https://malinaklubnika.ru/sorta/aprika/","otzyvy","cultivar_passport","gardener_reviews","https://pmc.ncbi.nlm.nih.gov/articles/PMC11125040/","",""
"малина похвалинка описание сорта отзывы особенности","2","5","Низкая","https://malinaklubnika.ru/sorta/pohvalinka/","otzyvy","cultivar_passport","gardener_reviews","","",""
"земляника априка описание сорта фото отзывы садоводов","1","2","Низкая","https://malinaklubnika.ru/sorta/aprika/","otzyvy","cultivar_passport","gardener_reviews","https://pmc.ncbi.nlm.nih.gov/articles/PMC11125040/","",""
"малина бальзам отзывы садоводов","1","1","Низкая","https://malinaklubnika.ru/sorta/balzam/","otzyvy","cultivar_passport","gardener_reviews","","",""
"малина бальзам отзывы садоводов форум","1","1","Низкая","https://malinaklubnika.ru/sorta/balzam/","otzyvy","cultivar_passport","gardener_reviews","","",""
"малина затонская отзывы","1","2","Низкая","https://malinaklubnika.ru/sorta/raspberry-zatonskaya/","seo-reviews","cultivar_passport","gardener_reviews","","",""
"малина мария отзывы","1","2","Низкая","https://malinaklubnika.ru/sorta/raspberry-maria-trade/","seo-reviews","cultivar_passport","gardener_reviews","","",""
"малина новгородец описание отзывы","1","1","Низкая","https://malinaklubnika.ru/zhurnal/nazvaniya-maliny-chudo-kuzmina-novgorodets/","section-3","editorial_answer","gardener_reviews","","",""
"малина пшехиба отзывы описание","1","1","Низкая","https://malinaklubnika.ru/sorta/pshehiba/","otzyvy","cultivar_passport","gardener_reviews","https://www.brzezna.pl/malina-rubus-idaeus-przehyba/","",""
"малина халлей описание сорта фото отзывы садоводов урожайность","1","6","Низкая","https://malinaklubnika.ru/sorta/raspberry-halley/","seo-reviews","cultivar_passport","gardener_reviews","https://patents.justia.com/patent/20210176908","",""
"малина шонеман описание сорта фото отзывы садоводов","1","6","Низкая","https://malinaklubnika.ru/sorta/raspberry-schoenemann/","seo-reviews","cultivar_passport","photo; gardener_reviews","","",""
"нантахала малина отзывы","1","3","Низкая","https://malinaklubnika.ru/sorta/raspberry-nantahala/","seo-reviews","cultivar_passport","gardener_reviews","https://rubus.ces.ncsu.edu/wp-content/uploads/2018/04/Nantahala-red-raspberry.pdf?fwd=no#page=1","",""
"малина пшехиба описание сорта фото отзывы садоводов урожайность характеристика","164","200","Умеренная","https://malinaklubnika.ru/sorta/pshehiba/","otzyvy","cultivar_passport","gardener_reviews","https://www.brzezna.pl/malina-rubus-idaeus-przehyba/","",""
"клубника сирия описание сорта фото отзывы","112","139","Умеренная","https://malinaklubnika.ru/sorta/siriya/","otzyvy","cultivar_passport","gardener_reviews","https://www.meiosis.co.uk/fruit_types/syria/","",""
"малина пшехиба описание сорта фото отзывы","112","114","Умеренная","https://malinaklubnika.ru/sorta/pshehiba/","otzyvy","cultivar_passport","gardener_reviews","https://www.brzezna.pl/malina-rubus-idaeus-przehyba/","",""
"клубника черный лебедь описание сорта и отзывы","109","152","Умеренная","https://malinaklubnika.ru/sorta/strawberry-black-swan/","seo-reviews","cultivar_passport","gardener_reviews","","",""
"клубника цунаки описание сорта фото отзывы садоводов урожайность","97","126","Умеренная","https://malinaklubnika.ru/sorta/tsunaki/","seo-reviews","cultivar_passport","photo","","https://stroy-podskazka.ru/klubnika/sorta/cunaki/","external_published_reader_accounts"
"клубника черный лебедь описание сорта фото отзывы садоводов","91","119","Умеренная","https://malinaklubnika.ru/sorta/strawberry-black-swan/","seo-reviews","cultivar_passport","photo; gardener_reviews","","",""
"зенга зенгана клубника описание сорта фото отзывы садоводов","83","73","Умеренная","https://malinaklubnika.ru/sorta/strawberry-zenga-zengana-trial/","seo-reviews","cultivar_passport","photo; gardener_reviews","","",""
"клубника максим описание сорта фото отзывы","78","102","Умеренная","https://malinaklubnika.ru/sorta/strawberry-gigantella-maxim-tail/","seo-reviews","cultivar_passport","photo; gardener_reviews","","",""
"клубника зенга-зенгана описание сорта фото отзывы садоводов","77","84","Умеренная","https://malinaklubnika.ru/sorta/strawberry-zenga-zengana-trial/","seo-reviews","cultivar_passport","photo; gardener_reviews","","",""
"фламинго клубника описание сорта фото отзывы","75","88","Умеренная","https://malinaklubnika.ru/sorta/strawberry-flamingo-trade-name/","seo-reviews","cultivar_passport","photo; gardener_reviews","","",""
"чудо малина описание сорта фото отзывы","67","70","Умеренная","https://malinaklubnika.ru/zhurnal/nazvaniya-maliny-chudo-kuzmina-novgorodets/","section-1","editorial_answer","photo; gardener_reviews","","",""
"клубника цунаки описание сорта фото отзывы","66","84","Умеренная","https://malinaklubnika.ru/sorta/tsunaki/","seo-reviews","cultivar_passport","photo","","https://stroy-podskazka.ru/klubnika/sorta/cunaki/","external_published_reader_accounts"
"пшехиба малина описание сорта фото отзывы","63","60","Умеренная","https://malinaklubnika.ru/sorta/pshehiba/","otzyvy","cultivar_passport","gardener_reviews","https://www.brzezna.pl/malina-rubus-idaeus-przehyba/","",""
"малина кумберленд описание сорта фото отзывы особенности выращивания","58","66","Умеренная","https://malinaklubnika.ru/sorta/raspberry-cumberland/","seo-reviews","cultivar_passport","photo; gardener_reviews","","",""
"малина новость кузьмина описание сорта фото отзывы","58","83","Умеренная","https://malinaklubnika.ru/sorta/raspberry-novost-kuzmina/","seo-reviews","cultivar_passport","gardener_reviews","https://7dach.ru/Eleko/10-luchshih-sortov-maliny-kotorye-rekomenduyut-dachniki-272274.html","",""
"малина пшехиба отзывы","55","77","Умеренная","https://malinaklubnika.ru/sorta/pshehiba/","otzyvy","cultivar_passport","gardener_reviews","https://www.brzezna.pl/malina-rubus-idaeus-przehyba/","",""
"цунаки клубника описание сорта фото отзывы садоводов","51","62","Умеренная","https://malinaklubnika.ru/sorta/tsunaki/","seo-reviews","cultivar_passport","photo","","https://stroy-podskazka.ru/klubnika/sorta/cunaki/","external_published_reader_accounts"
"клубника зенга-зенгана описание сорта фото","46","49","Умеренная","https://malinaklubnika.ru/sorta/strawberry-zenga-zengana-trial/","seo-photo","cultivar_passport","photo","","",""
"малина московский гигант описание сорта фото отзывы","45","61","Умеренная","https://malinaklubnika.ru/sorta/moskovskiy-gigant/","seo-reviews","cultivar_passport","photo","","https://dachaotzyv.ru/malina-moskovskij-gigant/","external_published_reader_accounts"
"малина самохвал описание сорта фото отзывы садоводов урожайность","41","52","Умеренная","https://malinaklubnika.ru/sorta/samohval/","otzyvy","cultivar_passport","photo; gardener_reviews","","",""
"малина джоан джей описание сорта фото отзывы садоводов","40","52","Умеренная","https://malinaklubnika.ru/sorta/raspberry-joan-j/","seo-reviews","cultivar_passport","gardener_reviews","https://patents.google.com/patent/USPP18954P3/en","",""
"малина энросадира описание сорта фото отзывы садоводов","37","46","Умеренная","https://malinaklubnika.ru/sorta/raspberry-enrosadira/","seo-reviews","cultivar_passport","gardener_reviews","https://patentimages.storage.googleapis.com/24/cb/3a/c3d2d1cc563536/US20140317798P1.pdf#page=2","",""
"малина вайолет описание сорта фото отзывы садоводов урожайность","35","57","Умеренная","https://malinaklubnika.ru/sorta/raspberry-vajolet/","seo-reviews","cultivar_passport","photo; gardener_reviews","","",""
"клубника чили описание сорта фото отзывы","34","69","Умеренная","https://malinaklubnika.ru/sorta/strawberry-chile-species/","seo-reviews","cultivar_passport","photo; gardener_reviews","","",""
"малина шапка мономаха описание сорта фото отзывы садоводов урожайность","33","42","Умеренная","https://malinaklubnika.ru/sorta/raspberry-shapka-monomaha/","seo-reviews","cultivar_passport","photo","","https://dachaotzyv.ru/malina-shapka-monomaha/","external_published_reader_accounts"
"малина химбо-топ описание сорта фото","31","30","Умеренная","https://malinaklubnika.ru/sorta/raspberry-himbo-top/","seo-photo","cultivar_passport","photo","","",""
"клубника тоскана описание сорта фото отзывы садоводов","29","41","Умеренная","https://malinaklubnika.ru/sorta/strawberry-toscana/","seo-reviews","cultivar_passport","photo; gardener_reviews","","",""
"клубника цунаки описание сорта фото","29","36","Умеренная","https://malinaklubnika.ru/sorta/tsunaki/","seo-photo","cultivar_passport","photo","","https://stroy-podskazka.ru/klubnika/sorta/cunaki/","external_published_reader_accounts"
"малина гусария описание сорта фото отзывы садоводов","29","45","Умеренная","https://malinaklubnika.ru/sorta/raspberry-husaria/","seo-reviews","cultivar_passport","photo; gardener_reviews","","",""
"малина конек горбунок описание сорта фото отзывы","29","32","Умеренная","https://malinaklubnika.ru/sorta/raspberry-konek-gorbunok/","seo-reviews","cultivar_passport","photo; gardener_reviews","","",""
"малина самохвал описание сорта фото отзывы","29","36","Умеренная","https://malinaklubnika.ru/sorta/samohval/","otzyvy","cultivar_passport","photo; gardener_reviews","","",""
"малина шапка мономаха описание сорта фото отзывы","29","34","Умеренная","https://malinaklubnika.ru/sorta/raspberry-shapka-monomaha/","seo-reviews","cultivar_passport","photo","","https://dachaotzyv.ru/malina-shapka-monomaha/","external_published_reader_accounts"
"исполин малина описание сорта фото отзывы","27","25","Умеренная","https://malinaklubnika.ru/sorta/raspberry-ispolin/","seo-reviews","cultivar_passport","photo; gardener_reviews","","",""
"черный лебедь клубника описание сорта и отзывы","26","36","Умеренная","https://malinaklubnika.ru/sorta/strawberry-black-swan/","seo-reviews","cultivar_passport","gardener_reviews","","",""
"малина гигант московский описание сорта фото отзывы садоводов урожайность характеристика","25","39","Умеренная","https://malinaklubnika.ru/sorta/moskovskiy-gigant/","seo-reviews","cultivar_passport","photo","","https://dachaotzyv.ru/malina-moskovskij-gigant/","external_published_reader_accounts"
"клубника бычье сердце описание сорта фото отзывы садоводов урожайность","24","36","Умеренная","https://malinaklubnika.ru/sorta/strawberry-oxheart-trade-name/","seo-reviews","cultivar_passport","photo; gardener_reviews","","",""
"клубника гигант джорнея описание сорта фото отзывы садоводов","24","35","Умеренная","https://malinaklubnika.ru/sorta/strawberry-giant-jorney-trade/","seo-reviews","cultivar_passport","photo; gardener_reviews","","",""
"клубника ания описание сорта фото отзывы","23","35","Умеренная","https://malinaklubnika.ru/sorta/aniya/","otzyvy","cultivar_passport","gardener_reviews","https://patents.google.com/patent/USPP32221P3/en","",""
"клубника сирия описание сорта фото отзывы садоводов урожайность","23","39","Умеренная","https://malinaklubnika.ru/sorta/siriya/","otzyvy","cultivar_passport","gardener_reviews","https://www.meiosis.co.uk/fruit_types/syria/","",""
"малина богатырь описание сорта фото отзывы садоводов","23","35","Умеренная","https://malinaklubnika.ru/sorta/raspberry-bogatyr-trade/","seo-reviews","cultivar_passport","photo; gardener_reviews","","",""
"мальга клубника описание сорта фото отзывы садоводов","23","29","Умеренная","https://malinaklubnika.ru/sorta/malga/","otzyvy","cultivar_passport","gardener_reviews","https://patents.google.com/patent/USPP28310P3/en","",""
"малина марсела описание сорта фото отзывы","22","28","Умеренная","https://malinaklubnika.ru/sorta/raspberry-marcela/","seo-reviews","cultivar_passport","gardener_reviews","https://patentimages.storage.googleapis.com/98/fd/af/95512455d5e5e2/US20070016986P1-20070118-D00001.png","",""
"нанди клубника описание сорта фото отзывы садоводов","22","32","Умеренная","https://malinaklubnika.ru/sorta/strawberry-nandi/","seo-reviews","cultivar_passport","photo; gardener_reviews","","",""
"клубника александра описание сорта фото","20","24","Умеренная","https://malinaklubnika.ru/sorta/strawberry-aleksandra-yakutia/","seo-photo","cultivar_passport","photo","","",""
"клубника ананасная описание сорта фото отзывы садоводов","20","28","Умеренная","https://malinaklubnika.ru/sorta/strawberry-ananasnaya-name-check/","seo-reviews","cultivar_passport","photo; gardener_reviews","","",""
"малина джоан джей описание сорта фото отзывы","20","19","Умеренная","https://malinaklubnika.ru/sorta/raspberry-joan-j/","seo-reviews","cultivar_passport","gardener_reviews","https://patents.google.com/patent/USPP18954P3/en","",""
"малина глен кое описание сорта фото отзывы","19","21","Умеренная","https://malinaklubnika.ru/sorta/raspberry-glen-coe/","seo-reviews","cultivar_passport","photo; gardener_reviews","","",""
"малина метеор описание сорта фото отзывы садоводов урожайность","19","24","Умеренная","https://malinaklubnika.ru/sorta/meteor/","otzyvy","cultivar_passport","photo","","https://dachaotzyv.ru/malina-meteor/","external_published_reader_accounts"
"клубника александра описание сорта фото отзывы садоводов","18","23","Умеренная","https://malinaklubnika.ru/sorta/strawberry-aleksandra-yakutia/","seo-reviews","cultivar_passport","photo; gardener_reviews","","",""
"клубника максим описание сорта фото","18","19","Умеренная","https://malinaklubnika.ru/sorta/strawberry-gigantella-maxim-tail/","seo-photo","cultivar_passport","photo","","",""
"новость кузьмина малина описание сорта отзывы","18","21","Умеренная","https://malinaklubnika.ru/sorta/raspberry-novost-kuzmina/","seo-reviews","cultivar_passport","gardener_reviews","https://7dach.ru/Eleko/10-luchshih-sortov-maliny-kotorye-rekomenduyut-dachniki-272274.html","",""
"гигант джорнея клубника описание сорта отзывы","17","22","Умеренная","https://malinaklubnika.ru/sorta/strawberry-giant-jorney-trade/","seo-reviews","cultivar_passport","gardener_reviews","","",""
"малина гордость россии описание сорта фото","17","19","Умеренная","https://malinaklubnika.ru/sorta/gordost-rossii/","seo-photo","cultivar_passport","photo","","https://7dach.ru/Alex_Eskin/podelites-opytom-vyraschivaniya-maliny-gordost-rossii-221162.html","grower_diary"
"клубника александра описание сорта фото отзывы","16","25","Умеренная","https://malinaklubnika.ru/sorta/strawberry-aleksandra-yakutia/","seo-reviews","cultivar_passport","photo; gardener_reviews","","",""
"клубника брилла описание сорта фото отзывы","16","20","Умеренная","https://malinaklubnika.ru/sorta/brilla/","otzyvy","cultivar_passport","photo; gardener_reviews","","",""
"клубника виноградный бум описание сорта отзывы","16","18","Умеренная","https://malinaklubnika.ru/sorta/strawberry-vinogradny-bum-trade/","seo-reviews","cultivar_passport","gardener_reviews","","",""
"клубника гребешок описание сорта фото отзывы садоводов урожайность","15","30","Умеренная","https://malinaklubnika.ru/sorta/strawberry-grebeshok-trade/","seo-reviews","cultivar_passport","photo; gardener_reviews","","",""
"клубника сладкий колосс описание сорта фото","15","15","Умеренная","https://malinaklubnika.ru/sorta/strawberry-sweet-colossus-trade/","seo-photo","cultivar_passport","photo","","",""
"малина вайолет описание сорта фото","15","16","Умеренная","https://malinaklubnika.ru/sorta/raspberry-vajolet/","seo-photo","cultivar_passport","photo","","",""
"малина маджестик описание сорта фото отзывы садоводов урожайность","15","27","Умеренная","https://malinaklubnika.ru/sorta/raspberry-majestic/","seo-reviews","cultivar_passport","photo; gardener_reviews","","",""
"клубника кармен описание сорта фото отзывы","14","16","Умеренная","https://malinaklubnika.ru/sorta/strawberry-carmen-czech/","seo-reviews","cultivar_passport","photo; gardener_reviews","","",""
"малина маргарита описание сорта фото отзывы садоводов урожайность","14","27","Умеренная","https://malinaklubnika.ru/sorta/raspberry-margarita-trade/","seo-reviews","cultivar_passport","photo; gardener_reviews","","",""
"малина пшехиба описание сорта отзывы","14","16","Умеренная","https://malinaklubnika.ru/sorta/pshehiba/","otzyvy","cultivar_passport","gardener_reviews","https://www.brzezna.pl/malina-rubus-idaeus-przehyba/","",""
"вивара клубника описание сорта фото отзывы","13","21","Умеренная","https://malinaklubnika.ru/sorta/strawberry-vivara/","seo-reviews","cultivar_passport","gardener_reviews","https://civ.it/wp-content/uploads/2025/01/vivara-still-life.png","",""
"зенга-зенгана клубника описание отзывы особенности сорта","13","11","Умеренная","https://malinaklubnika.ru/sorta/strawberry-zenga-zengana-trial/","seo-reviews","cultivar_passport","gardener_reviews","","",""
"клубника ания описание сорта фото отзывы садоводов урожайность","13","22","Умеренная","https://malinaklubnika.ru/sorta/aniya/","otzyvy","cultivar_passport","gardener_reviews","https://patents.google.com/patent/USPP32221P3/en","",""
"клубника вивара описание сорта фото отзывы садоводов урожайность","13","28","Умеренная","https://malinaklubnika.ru/sorta/strawberry-vivara/","seo-reviews","cultivar_passport","gardener_reviews","https://civ.it/wp-content/uploads/2025/01/vivara-still-life.png","",""
"малина аделита описание сорта фото отзывы","13","24","Умеренная","https://malinaklubnika.ru/sorta/raspberry-adelita/","seo-reviews","cultivar_passport","gardener_reviews","https://patents.google.com/patent/US20120311748P1/en","",""
"малина богатырь описание сорта фото отзывы","13","15","Умеренная","https://malinaklubnika.ru/sorta/raspberry-bogatyr-trade/","seo-reviews","cultivar_passport","photo; gardener_reviews","","",""
"цунаки клубника описание сорта фото","13","15","Умеренная","https://malinaklubnika.ru/sorta/tsunaki/","seo-photo","cultivar_passport","photo","","https://stroy-podskazka.ru/klubnika/sorta/cunaki/","external_published_reader_accounts"
"клубника джуси описание сорта фото отзывы садоводов урожайность","12","26","Умеренная","https://malinaklubnika.ru/sorta/strawberry-giusy/","seo-reviews","cultivar_passport","gardener_reviews","https://civ.it/wp-content/uploads/2025/01/giusy-still-life.png","",""
"клубника зенга-зенгана описание сорта отзывы","12","14","Умеренная","https://malinaklubnika.ru/sorta/strawberry-zenga-zengana-trial/","seo-reviews","cultivar_passport","gardener_reviews","","",""
"малина васена описание сорта фото отзывы садоводов урожайность","12","32","Умеренная","https://malinaklubnika.ru/sorta/raspberry-vasena/","seo-reviews","cultivar_passport","photo; gardener_reviews","","",""
"малина красная королева описание сорта фото отзывы","12","16","Умеренная","https://malinaklubnika.ru/sorta/raspberry-krasnaya-koroleva/","seo-reviews","cultivar_passport","photo; gardener_reviews","","",""
"малина красная королева описание сорта фото отзывы садоводов","12","15","Умеренная","https://malinaklubnika.ru/sorta/raspberry-krasnaya-koroleva/","seo-reviews","cultivar_passport","photo; gardener_reviews","","",""
"малина кумберленд описание сорта фото","12","15","Умеренная","https://malinaklubnika.ru/sorta/raspberry-cumberland/","seo-photo","cultivar_passport","photo","","",""
"клубника антея описание сорта фото отзывы","11","14","Умеренная","https://malinaklubnika.ru/sorta/strawberry-antea/","seo-reviews","cultivar_passport","photo; gardener_reviews","","",""
"клубника барыня описание сорта фото отзывы","11","14","Умеренная","https://malinaklubnika.ru/sorta/strawberry-barynya/","seo-reviews","cultivar_passport","photo; gardener_reviews","","",""
"клубника барыня описание сорта фото отзывы садоводов","11","17","Умеренная","https://malinaklubnika.ru/sorta/strawberry-barynya/","seo-reviews","cultivar_passport","photo; gardener_reviews","","",""
"клубника крапо 10 описание сорта фото отзывы","11","13","Умеренная","https://malinaklubnika.ru/sorta/strawberry-krapo-10/","seo-reviews","cultivar_passport","photo; gardener_reviews","","",""
"клубника чили описание сорта фото отзывы садоводов","11","32","Умеренная","https://malinaklubnika.ru/sorta/strawberry-chile-species/","seo-reviews","cultivar_passport","photo; gardener_reviews","","",""
"малина нантахала описание сорта фото отзывы садоводов","11","14","Умеренная","https://malinaklubnika.ru/sorta/raspberry-nantahala/","seo-reviews","cultivar_passport","gardener_reviews","https://rubus.ces.ncsu.edu/wp-content/uploads/2018/04/Nantahala-red-raspberry.pdf?fwd=no#page=1","",""
"малина похвалинка описание сорта фото","11","16","Умеренная","https://malinaklubnika.ru/sorta/pohvalinka/","seo-photo","cultivar_passport","photo","","",""
"вима рина клубника описание сорта фото отзывы садоводов","10","15","Умеренная","https://malinaklubnika.ru/sorta/strawberry-vima-rina/","seo-reviews","cultivar_passport","photo; gardener_reviews","","",""
"клубника априка описание сорта фото отзывы садоводов","10","14","Умеренная","https://malinaklubnika.ru/sorta/aprika/","otzyvy","cultivar_passport","gardener_reviews","https://pmc.ncbi.nlm.nih.gov/articles/PMC11125040/","",""
"клубника априка описание сорта фото отзывы садоводов форум садоводов","10","18","Умеренная","https://malinaklubnika.ru/sorta/aprika/","otzyvy","cultivar_passport","gardener_reviews","https://pmc.ncbi.nlm.nih.gov/articles/PMC11125040/","",""
"клубника елизавета описание сорта фото отзывы садоводов","10","11","Умеренная","https://malinaklubnika.ru/zhurnal/nazvaniya-klubniki-elizaveta-aprika-i-oshibki/","section-1","editorial_answer","photo; gardener_reviews","","",""
"клубника лакомка описание сорта фото отзывы садоводов","10","11","Умеренная","https://malinaklubnika.ru/sorta/strawberry-lakomka-vir/","seo-reviews","cultivar_passport","photo; gardener_reviews","","",""
"клубника черный лебедь описание сорта фото отзывы","10","14","Умеренная","https://malinaklubnika.ru/sorta/strawberry-black-swan/","seo-reviews","cultivar_passport","photo; gardener_reviews","","",""
"малина мапема описание сорта фото отзывы садоводов урожайность","10","19","Умеренная","https://malinaklubnika.ru/sorta/raspberry-mapema/","seo-reviews","cultivar_passport","gardener_reviews","https://www.advancedplants.nl/wp-content/uploads/2018/01/Mapema-1.jpg","",""
"малина метеор описание сорта фото отзывы","10","14","Умеренная","https://malinaklubnika.ru/sorta/meteor/","otzyvy","cultivar_passport","photo","","https://dachaotzyv.ru/malina-meteor/","external_published_reader_accounts"
"малина похвалинка описание сорта фото отзывы","10","15","Умеренная","https://malinaklubnika.ru/sorta/pohvalinka/","otzyvy","cultivar_passport","photo; gardener_reviews","","",""
"малина самохвал отзывы","10","12","Умеренная","https://malinaklubnika.ru/sorta/samohval/","otzyvy","cultivar_passport","gardener_reviews","","",""
"брилла клубника описание сорта фото отзывы садоводов","9","18","Умеренная","https://malinaklubnika.ru/sorta/brilla/","otzyvy","cultivar_passport","photo; gardener_reviews","","",""
"клубника брилла описание сорта фото","9","11","Умеренная","https://malinaklubnika.ru/sorta/brilla/","seo-photo","cultivar_passport","photo","","",""
"клубника гирлянда описание сорта фото отзывы","9","13","Умеренная","https://malinaklubnika.ru/sorta/strawberry-garland-trade-name/","seo-reviews","cultivar_passport","photo; gardener_reviews","","",""
"клубника зинга зинга фото описание и отзывы","9","8","Умеренная","https://malinaklubnika.ru/sorta/strawberry-zenga-zengana-trial/","seo-reviews","cultivar_passport","photo; gardener_reviews","","",""
"клубника квики описание сорта фото отзывы садоводов","9","17","Умеренная","https://malinaklubnika.ru/sorta/strawberry-quicky/","seo-reviews","cultivar_passport","photo; gardener_reviews","","",""
"клубника магнус описание сорта фото отзывы","9","12","Умеренная","https://malinaklubnika.ru/sorta/magnus/","otzyvy","cultivar_passport","photo; gardener_reviews","","",""
"клубника маригет описание сорта фото отзывы садоводов урожайность","9","18","Умеренная","https://malinaklubnika.ru/sorta/strawberry-mariguette/","seo-reviews","cultivar_passport","photo; gardener_reviews","","",""
"клубника флорида бьюти описание сорта фото отзывы садоводов урожайность","9","18","Умеренная","https://malinaklubnika.ru/sorta/strawberry-florida-beauty/","seo-reviews","cultivar_passport","photo; gardener_reviews","","",""
"лия сахарная клубника описание сорта и отзывы","9","18","Умеренная","https://malinaklubnika.ru/sorta/strawberry-sugar-lia/","seo-reviews","cultivar_passport","gardener_reviews","","",""
"малина конек горбунок описание сорта фото отзывы садоводов","9","13","Умеренная","https://malinaklubnika.ru/sorta/raspberry-konek-gorbunok/","seo-reviews","cultivar_passport","photo; gardener_reviews","","",""
"малина красная королева отзывы","9","14","Умеренная","https://malinaklubnika.ru/sorta/raspberry-krasnaya-koroleva/","seo-reviews","cultivar_passport","gardener_reviews","","",""
"энросадира малина описание сорта фото отзывы","9","10","Умеренная","https://malinaklubnika.ru/sorta/raspberry-enrosadira/","seo-reviews","cultivar_passport","gardener_reviews","https://patentimages.storage.googleapis.com/24/cb/3a/c3d2d1cc563536/US20140317798P1.pdf#page=2","",""
"клубника гигант джорнея описание сорта фото отзывы садоводов урожайность","8","12","Умеренная","https://malinaklubnika.ru/sorta/strawberry-giant-jorney-trade/","seo-reviews","cultivar_passport","photo; gardener_reviews","","",""
"клубника фейт описание сорта фото отзывы","8","13","Умеренная","https://malinaklubnika.ru/sorta/strawberry-faith/","seo-reviews","cultivar_passport","photo; gardener_reviews","","",""
"клубника фестивальная ромашка описание сорта фото отзывы","8","12","Умеренная","https://malinaklubnika.ru/sorta/strawberry-festivalnaya-romashka/","seo-reviews","cultivar_passport","photo; gardener_reviews","","",""
"клубника чешская красавица описание сорта фото отзывы садоводов урожайность","8","20","Умеренная","https://malinaklubnika.ru/sorta/strawberry-czech-beauty-trade/","seo-reviews","cultivar_passport","photo; gardener_reviews","","",""
"малина жар птица описание сорта фото отзывы садоводов","8","8","Умеренная","https://malinaklubnika.ru/sorta/zhar-ptitsa/","otzyvy","cultivar_passport","photo; gardener_reviews","","",""
"малина красная королева описание сорта фото отзывы особенности выращивания","8","6","Умеренная","https://malinaklubnika.ru/sorta/raspberry-krasnaya-koroleva/","seo-reviews","cultivar_passport","photo; gardener_reviews","","",""
"малина кумберленд описание сорта фото отзывы","8","12","Умеренная","https://malinaklubnika.ru/sorta/raspberry-cumberland/","seo-reviews","cultivar_passport","photo; gardener_reviews","","",""
"малина мария описание сорта фото отзывы садоводов","8","14","Умеренная","https://malinaklubnika.ru/sorta/raspberry-maria-trade/","seo-reviews","cultivar_passport","photo; gardener_reviews","","",""
"малина сластиха описание сорта отзывы садоводов","8","19","Умеренная","https://malinaklubnika.ru/sorta/raspberry-slastikha/","seo-reviews","cultivar_passport","gardener_reviews","","",""
"малина шапка мономаха описание сорта фото","8","11","Умеренная","https://malinaklubnika.ru/sorta/raspberry-shapka-monomaha/","seo-photo","cultivar_passport","photo","","https://dachaotzyv.ru/malina-shapka-monomaha/","external_published_reader_accounts"
"малина энросадира описание сорта фото отзывы","8","9","Умеренная","https://malinaklubnika.ru/sorta/raspberry-enrosadira/","seo-reviews","cultivar_passport","gardener_reviews","https://patentimages.storage.googleapis.com/24/cb/3a/c3d2d1cc563536/US20140317798P1.pdf#page=2","",""
"земляника даренка описание сорта фото отзывы","7","7","Умеренная","https://malinaklubnika.ru/sorta/darenka/","otzyvy","cultivar_passport","gardener_reviews","https://www.agronauka-sv.ru/jour/article/view/1761","",""
"клубника александра описание сорта фото отзывы садоводов урожайность","7","11","Умеренная","https://malinaklubnika.ru/sorta/strawberry-aleksandra-yakutia/","seo-reviews","cultivar_passport","photo; gardener_reviews","","",""
"клубника александра описание сорта фото отзывы садоводов урожайность характеристика и описание сорта","7","16","Умеренная","https://malinaklubnika.ru/sorta/strawberry-aleksandra-yakutia/","seo-reviews","cultivar_passport","photo; gardener_reviews","","",""
"клубника бычье сердце описание сорта фото","7","12","Умеренная","https://malinaklubnika.ru/sorta/strawberry-oxheart-trade-name/","seo-photo","cultivar_passport","photo","","",""
"клубника первоклассница описание сорта фото отзывы","7","14","Умеренная","https://malinaklubnika.ru/sorta/strawberry-pervoklassnitsa/","seo-reviews","cultivar_passport","photo; gardener_reviews","","",""
"клубника русский гигант f1 описание сорта фото отзывы","7","12","Умеренная","https://malinaklubnika.ru/sorta/strawberry-giant-russian-f1-gavrish/","seo-reviews","cultivar_passport","photo; gardener_reviews","","",""
"клубника сирия описание сорта фото отзывы садоводов урожайность характеристика и отзывы","7","11","Умеренная","https://malinaklubnika.ru/sorta/siriya/","otzyvy","cultivar_passport","gardener_reviews","https://www.meiosis.co.uk/fruit_types/syria/","",""
"клубника цунаки описание сорта фото отзывы садоводов","7","12","Умеренная","https://malinaklubnika.ru/sorta/tsunaki/","seo-reviews","cultivar_passport","photo","","https://stroy-podskazka.ru/klubnika/sorta/cunaki/","external_published_reader_accounts"
"малина алая россыпь описание сорта фото отзывы","7","10","Умеренная","https://malinaklubnika.ru/sorta/raspberry-alaya-rossyp/","seo-reviews","cultivar_passport","photo; gardener_reviews","","",""
"малина амира описание сорта фото отзывы","7","8","Умеренная","https://malinaklubnika.ru/sorta/raspberry-amira/","seo-reviews","cultivar_passport","photo; gardener_reviews","","",""
"малина ананасная вигорова описание сорта фото отзывы","7","11","Умеренная","https://malinaklubnika.ru/sorta/raspberry-ananasnaya-vigorova/","seo-reviews","cultivar_passport","photo; gardener_reviews","","",""
"малина вайолет описание сорта фото отзывы","7","11","Умеренная","https://malinaklubnika.ru/sorta/raspberry-vajolet/","seo-reviews","cultivar_passport","photo; gardener_reviews","","",""
"малина гигант московский описание сорта фото отзывы","7","8","Умеренная","https://malinaklubnika.ru/sorta/moskovskiy-gigant/","seo-reviews","cultivar_passport","photo","","https://dachaotzyv.ru/malina-moskovskij-gigant/","external_published_reader_accounts"
"малина маргарита описание сорта фото отзывы","7","11","Умеренная","https://malinaklubnika.ru/sorta/raspberry-margarita-trade/","seo-reviews","cultivar_passport","photo; gardener_reviews","","",""
"малина московский великан описание сорта фото отзывы","7","11","Умеренная","https://malinaklubnika.ru/sorta/moskovskiy-gigant/","seo-reviews","cultivar_passport","photo","","https://dachaotzyv.ru/malina-moskovskij-gigant/","external_published_reader_accounts"
"малина недосягаемая описание сорта фото отзывы садоводов","7","15","Умеренная","https://malinaklubnika.ru/sorta/raspberry-nedosyaemaya/","seo-reviews","cultivar_passport","photo; gardener_reviews","","",""
"малина подарок кашину описание сорта фото отзывы","7","10","Умеренная","https://malinaklubnika.ru/sorta/podarok-kashinu/","otzyvy","cultivar_passport","gardener_reviews","https://rastisad.ru/malina/3552","",""
"малина самохвал описание сорта фото","7","6","Умеренная","https://malinaklubnika.ru/sorta/samohval/","seo-photo","cultivar_passport","photo","","",""
"малина сластиха описание сорта фото отзывы садоводов урожайность","7","11","Умеренная","https://malinaklubnika.ru/sorta/raspberry-slastikha/","seo-reviews","cultivar_passport","photo; gardener_reviews","","",""
"малиновая гряда малина описание сорта фото отзывы","7","9","Умеренная","https://malinaklubnika.ru/sorta/raspberry-malinovaya-gryada/","seo-reviews","cultivar_passport","photo; gardener_reviews","","",""
"сорт клубники слоненок фото и описание","7","10","Умеренная","https://malinaklubnika.ru/sorta/strawberry-slonenok/","seo-photo","cultivar_passport","photo","","",""
"сорт малины похвалинка фото и описание","7","8","Умеренная","https://malinaklubnika.ru/sorta/pohvalinka/","seo-photo","cultivar_passport","photo","","",""
"клубника боровицкая описание сорта фото отзывы садоводов","6","10","Умеренная","https://malinaklubnika.ru/sorta/borovitskaya/","otzyvy","cultivar_passport","photo; gardener_reviews","","",""
"малина малиновая гряда описание сорта фото отзывы садоводов","6","11","Умеренная","https://malinaklubnika.ru/sorta/raspberry-malinovaya-gryada/","seo-reviews","cultivar_passport","photo; gardener_reviews","","",""
"малина мапема описание сорта фото отзывы","6","7","Умеренная","https://malinaklubnika.ru/sorta/raspberry-mapema/","seo-reviews","cultivar_passport","gardener_reviews","https://www.advancedplants.nl/wp-content/uploads/2018/01/Mapema-1.jpg","",""
"малина столичная описание сорта фото отзывы садоводов","6","5","Умеренная","https://malinaklubnika.ru/sorta/raspberry-stolichnaya/","seo-reviews","cultivar_passport","photo; gardener_reviews","","",""
"малина татьяна описание сорта фото отзывы","6","9","Умеренная","https://malinaklubnika.ru/sorta/raspberry-tatyana/","seo-reviews","cultivar_passport","photo; gardener_reviews","","",""
"малина хебан описание сорта фото отзывы садоводов","6","17","Умеренная","https://malinaklubnika.ru/sorta/raspberry-heban/","seo-reviews","cultivar_passport","gardener_reviews","https://en.niwabrzezna.pl/varieties/raspberries/heban/","",""
"малина черная кумберленд описание сорта фото отзывы","6","7","Умеренная","https://malinaklubnika.ru/sorta/raspberry-cumberland/","seo-reviews","cultivar_passport","photo; gardener_reviews","","",""
"похвалинка малина описание сорта отзывы","6","6","Умеренная","https://malinaklubnika.ru/sorta/pohvalinka/","otzyvy","cultivar_passport","gardener_reviews","","",""
"сорт малины вайолет фото и описание","6","5","Умеренная","https://malinaklubnika.ru/sorta/raspberry-vajolet/","seo-photo","cultivar_passport","photo","","",""
"клубника большая медведица описание сорта фото отзывы садоводов","5","11","Умеренная","https://malinaklubnika.ru/sorta/strawberry-big-dipper-trade/","seo-reviews","cultivar_passport","photo; gardener_reviews","","",""
"клубника избранница описание сорта фото отзывы садоводов","5","11","Умеренная","https://malinaklubnika.ru/sorta/strawberry-izbrannitsa/","seo-reviews","cultivar_passport","photo; gardener_reviews","","",""
"клубника лималексия описание сорта фото отзывы садоводов урожайность","5","11","Умеренная","https://malinaklubnika.ru/sorta/strawberry-limalexia/","seo-reviews","cultivar_passport","photo; gardener_reviews","","",""
"клубника мадлен описание сорта фото отзывы","5","10","Умеренная","https://malinaklubnika.ru/sorta/strawberry-madlen-skopje-trial/","seo-reviews","cultivar_passport","photo; gardener_reviews","","",""
"клубника элоди описание сорта фото отзывы садоводов урожайность","5","15","Умеренная","https://malinaklubnika.ru/sorta/strawberry-elody-bernardini/","seo-reviews","cultivar_passport","photo; gardener_reviews","","",""
"малина бирюсинка описание сорта фото отзывы садоводов","5","8","Умеренная","https://malinaklubnika.ru/sorta/raspberry-biryusinka/","seo-reviews","cultivar_passport","photo; gardener_reviews","","",""
"малина богатырь описание сорта отзывы","5","7","Умеренная","https://malinaklubnika.ru/sorta/raspberry-bogatyr-trade/","seo-reviews","cultivar_passport","gardener_reviews","","",""
"малина бристоль описание сорта фото отзывы особенности выращивания","5","7","Умеренная","https://malinaklubnika.ru/sorta/raspberry-bristol/","seo-reviews","cultivar_passport","photo; gardener_reviews","","",""
"малина делнива описание сорта фото отзывы","5","6","Умеренная","https://malinaklubnika.ru/sorta/raspberry-delniwa/","seo-reviews","cultivar_passport","gardener_reviews","https://en.niwabrzezna.pl/wp-content/uploads/2023/03/Delniwa.s-300x225-1.webp","",""
"малина делнива описание сорта фото отзывы садоводов урожайность","5","11","Умеренная","https://malinaklubnika.ru/sorta/raspberry-delniwa/","seo-reviews","cultivar_passport","gardener_reviews","https://en.niwabrzezna.pl/wp-content/uploads/2023/03/Delniwa.s-300x225-1.webp","",""
"малина имара описание сорта фото отзывы садоводов","5","10","Умеренная","https://malinaklubnika.ru/sorta/raspberry-imara/","seo-reviews","cultivar_passport","photo; gardener_reviews","","",""
"малина каскад харвест описание сорта фото отзывы","5","7","Умеренная","https://malinaklubnika.ru/sorta/raspberry-cascade-harvest/","seo-reviews","cultivar_passport","photo; gardener_reviews","","",""
"малина маджестик описание сорта отзывы","5","9","Умеренная","https://malinaklubnika.ru/sorta/raspberry-majestic/","seo-reviews","cultivar_passport","gardener_reviews","","",""
"малина награда описание сорта фото отзывы","5","7","Умеренная","https://malinaklubnika.ru/sorta/raspberry-nagrada/","seo-reviews","cultivar_passport","photo; gardener_reviews","","",""
"малина нектарная описание сорта фото отзывы","5","9","Умеренная","https://malinaklubnika.ru/sorta/raspberry-nektarnaya-heisa-trade/","seo-reviews","cultivar_passport","photo; gardener_reviews","","",""
"малина новость кузьмина описание сорта отзывы","5","9","Умеренная","https://malinaklubnika.ru/sorta/raspberry-novost-kuzmina/","seo-reviews","cultivar_passport","gardener_reviews","https://7dach.ru/Eleko/10-luchshih-sortov-maliny-kotorye-rekomenduyut-dachniki-272274.html","",""
"малина пшехиба описание сорта отзывы садоводов","5","8","Умеренная","https://malinaklubnika.ru/sorta/pshehiba/","otzyvy","cultivar_passport","gardener_reviews","https://www.brzezna.pl/malina-rubus-idaeus-przehyba/","",""
"малина самородок описание сорта фото отзывы садоводов","5","7","Умеренная","https://malinaklubnika.ru/sorta/raspberry-samorodok/","seo-reviews","cultivar_passport","photo; gardener_reviews","","",""
"малина слава россии описание сорта фото отзывы садоводов","5","9","Умеренная","https://malinaklubnika.ru/sorta/raspberry-slava-rossii-trade/","seo-reviews","cultivar_passport","photo; gardener_reviews","","",""
"малина сорт награда описание сорта фото","5","8","Умеренная","https://malinaklubnika.ru/sorta/raspberry-nagrada/","seo-photo","cultivar_passport","photo","","",""
"малина халлей описание сорта фото отзывы","5","15","Умеренная","https://malinaklubnika.ru/sorta/raspberry-halley/","seo-reviews","cultivar_passport","gardener_reviews","https://patents.justia.com/patent/20210176908","",""
"малина энросадира описание сорта фото отзывы садоводов урожайность характеристика","5","13","Умеренная","https://malinaklubnika.ru/sorta/raspberry-enrosadira/","seo-reviews","cultivar_passport","gardener_reviews","https://patentimages.storage.googleapis.com/24/cb/3a/c3d2d1cc563536/US20140317798P1.pdf#page=2","",""
"пшехиба малина описание сорта фото отзывы садоводов","5","5","Умеренная","https://malinaklubnika.ru/sorta/pshehiba/","otzyvy","cultivar_passport","gardener_reviews","https://www.brzezna.pl/malina-rubus-idaeus-przehyba/","",""
"черная малина кумберленд фото описание сорта","5","5","Умеренная","https://malinaklubnika.ru/sorta/raspberry-cumberland/","seo-photo","cultivar_passport","photo","","",""
"делнива малина описание сорта отзывы","4","5","Умеренная","https://malinaklubnika.ru/sorta/raspberry-delniwa/","seo-reviews","cultivar_passport","gardener_reviews","https://en.niwabrzezna.pl/wp-content/uploads/2023/03/Delniwa.s-300x225-1.webp","",""
"клубника антея фото и описание","4","6","Умеренная","https://malinaklubnika.ru/sorta/strawberry-antea/","seo-photo","cultivar_passport","photo","","",""
"клубника гребешок отзывы","4","11","Умеренная","https://malinaklubnika.ru/sorta/strawberry-grebeshok-trade/","seo-reviews","cultivar_passport","gardener_reviews","","",""
"клубника марышка описание сорта фото отзывы садоводов","4","11","Умеренная","https://malinaklubnika.ru/sorta/strawberry-maryshka/","seo-reviews","cultivar_passport","photo; gardener_reviews","","",""
"клубника хадемар описание сорта фото отзывы садоводов урожайность","4","12","Умеренная","https://malinaklubnika.ru/sorta/strawberry-hademar/","seo-reviews","cultivar_passport","photo; gardener_reviews","","",""
"малина анфиса описание сорта фото отзывы садоводов","4","7","Умеренная","https://malinaklubnika.ru/sorta/raspberry-anfisa-trade/","seo-reviews","cultivar_passport","photo; gardener_reviews","","",""
"малина бальзам описание сорта фото","4","5","Умеренная","https://malinaklubnika.ru/sorta/balzam/","seo-photo","cultivar_passport","photo","","",""
"малина болгарский рубин описание сорта фото отзывы","4","9","Умеренная","https://malinaklubnika.ru/sorta/raspberry-rubin-bolgarskiy/","seo-reviews","cultivar_passport","photo; gardener_reviews","","",""
"малина вайолет описание сорта отзывы","4","6","Умеренная","https://malinaklubnika.ru/sorta/raspberry-vajolet/","seo-reviews","cultivar_passport","gardener_reviews","","",""
"малина вера описание сорта фото отзывы садоводов","4","10","Умеренная","https://malinaklubnika.ru/sorta/raspberry-vera/","seo-reviews","cultivar_passport","photo; gardener_reviews","","",""
"малина груви описание сорта фото отзывы","4","7","Умеренная","https://malinaklubnika.ru/sorta/raspberry-groovy/","seo-reviews","cultivar_passport","photo; gardener_reviews","","",""
"малина дельнива описание сорта фото отзывы садоводов","4","8","Умеренная","https://malinaklubnika.ru/sorta/raspberry-delniwa/","seo-reviews","cultivar_passport","gardener_reviews","https://en.niwabrzezna.pl/wp-content/uploads/2023/03/Delniwa.s-300x225-1.webp","",""
"малина джорджия описание сорта фото отзывы","4","5","Умеренная","https://malinaklubnika.ru/sorta/raspberry-georgia/","seo-reviews","cultivar_passport","gardener_reviews","https://patents.google.com/patent/USPP19430P3/en","",""
"малина джорджия описание сорта фото отзывы садоводов урожайность","4","12","Умеренная","https://malinaklubnika.ru/sorta/raspberry-georgia/","seo-reviews","cultivar_passport","gardener_reviews","https://patents.google.com/patent/USPP19430P3/en","",""
"малина жаклин описание сорта фото отзывы садоводов","4","10","Умеренная","https://malinaklubnika.ru/sorta/raspberry-jaclyn/","seo-reviews","cultivar_passport","gardener_reviews","https://patents.google.com/patent/USPP15647P2/en","",""
"малина красная королева описание отзывы","4","5","Умеренная","https://malinaklubnika.ru/sorta/raspberry-krasnaya-koroleva/","seo-reviews","cultivar_passport","gardener_reviews","","",""
"малина красная королева описание сорта отзывы","4","6","Умеренная","https://malinaklubnika.ru/sorta/raspberry-krasnaya-koroleva/","seo-reviews","cultivar_passport","gardener_reviews","","",""
"малина московская карамель описание сорта фото отзывы","4","9","Умеренная","https://malinaklubnika.ru/sorta/raspberry-moscow-caramel-trade/","seo-reviews","cultivar_passport","photo; gardener_reviews","","",""
"малина новость кузьмина описание сорта фото отзывы садоводов урожайность","4","6","Умеренная","https://malinaklubnika.ru/sorta/raspberry-novost-kuzmina/","seo-reviews","cultivar_passport","gardener_reviews","https://7dach.ru/Eleko/10-luchshih-sortov-maliny-kotorye-rekomenduyut-dachniki-272274.html","",""
"малина октавия описание сорта фото отзывы","4","6","Умеренная","https://malinaklubnika.ru/sorta/raspberry-oktavia/","seo-reviews","cultivar_passport","photo; gardener_reviews","","",""
"малина оранжевый гигант описание сорта фото отзывы","4","10","Умеренная","https://malinaklubnika.ru/sorta/raspberry-orange-giant-trade/","seo-reviews","cultivar_passport","photo; gardener_reviews","","",""
"малина похвалинка описание сорта фото отзывы садоводов урожайность характеристика и описание","4","7","Умеренная","https://malinaklubnika.ru/sorta/pohvalinka/","otzyvy","cultivar_passport","photo; gardener_reviews","","",""
"малина самохвал описание сорта отзывы","4","5","Умеренная","https://malinaklubnika.ru/sorta/samohval/","otzyvy","cultivar_passport","gardener_reviews","","",""
"малина сапфир описание сорта фото отзывы садоводов","4","11","Умеренная","https://malinaklubnika.ru/sorta/raspberry-sapphire/","seo-reviews","cultivar_passport","photo; gardener_reviews","","",""
"малина турмалин описание сорта фото отзывы","4","8","Умеренная","https://malinaklubnika.ru/sorta/raspberry-turmalin/","seo-reviews","cultivar_passport","photo; gardener_reviews","","",""
"малина шоша описание сорта фото отзывы","4","6","Умеренная","https://malinaklubnika.ru/sorta/raspberry-shosha/","seo-reviews","cultivar_passport","photo; gardener_reviews","","",""
"пшехиба малина описание сорта отзывы","4","5","Умеренная","https://malinaklubnika.ru/sorta/pshehiba/","otzyvy","cultivar_passport","gardener_reviews","https://www.brzezna.pl/malina-rubus-idaeus-przehyba/","",""
"самохвал малина описание сорта фото отзывы","4","5","Умеренная","https://malinaklubnika.ru/sorta/samohval/","otzyvy","cultivar_passport","photo; gardener_reviews","","",""
"клубника антея отзывы","3","2","Умеренная","https://malinaklubnika.ru/sorta/strawberry-antea/","seo-reviews","cultivar_passport","gardener_reviews","","",""
"клубника надя описание сорта фото отзывы садоводов урожайность","3","14","Умеренная","https://malinaklubnika.ru/sorta/strawberry-nadja-bl29/","seo-reviews","cultivar_passport","photo; gardener_reviews","","",""
"клубника фронтерас описание сорта фото отзывы садоводов","3","15","Умеренная","https://malinaklubnika.ru/sorta/strawberry-fronteras/","seo-reviews","cultivar_passport","gardener_reviews","https://patentimages.storage.googleapis.com/62/7d/6a/89f614181750cf/USPP026709-20160510-D00001.png","",""
"кумберленд малина фото","3","2","Умеренная","https://malinaklubnika.ru/sorta/raspberry-cumberland/","seo-photo","cultivar_passport","photo","","",""
"малина вайолет описание сорта отзывы сроки созревания","3","5","Умеренная","https://malinaklubnika.ru/sorta/raspberry-vajolet/","seo-reviews","cultivar_passport","gardener_reviews","","",""
"малина вайолет описание сорта фото отзывы садоводов урожайность характеристика","3","9","Умеренная","https://malinaklubnika.ru/sorta/raspberry-vajolet/","seo-reviews","cultivar_passport","photo; gardener_reviews","","",""
"малина венге описание сорта фото отзывы","3","9","Умеренная","https://malinaklubnika.ru/sorta/raspberry-venge-trade/","seo-reviews","cultivar_passport","photo; gardener_reviews","","",""
"малина вольница описание сорта отзывы","3","6","Умеренная","https://malinaklubnika.ru/sorta/raspberry-volnitsa/","seo-reviews","cultivar_passport","gardener_reviews","","",""
"малина гигант московский описание сорта фото","3","5","Умеренная","https://malinaklubnika.ru/sorta/moskovskiy-gigant/","seo-photo","cultivar_passport","photo","","https://dachaotzyv.ru/malina-moskovskij-gigant/","external_published_reader_accounts"
"малина гигант московский описание сорта фото отзывы садоводов урожайность","3","5","Умеренная","https://malinaklubnika.ru/sorta/moskovskiy-gigant/","seo-reviews","cultivar_passport","photo","","https://dachaotzyv.ru/malina-moskovskij-gigant/","external_published_reader_accounts"
"малина гусария описание сорта фото отзывы","3","5","Умеренная","https://malinaklubnika.ru/sorta/raspberry-husaria/","seo-reviews","cultivar_passport","photo; gardener_reviews","","",""
"малина лель описание сорта фото отзывы","3","6","Умеренная","https://malinaklubnika.ru/sorta/raspberry-lel/","seo-reviews","cultivar_passport","photo; gardener_reviews","","",""
"малина московский гигант описание сорта фото отзывы садоводов","3","8","Умеренная","https://malinaklubnika.ru/sorta/moskovskiy-gigant/","seo-reviews","cultivar_passport","photo","","https://dachaotzyv.ru/malina-moskovskij-gigant/","external_published_reader_accounts"
"малина московский гигант описание сорта фото отзывы садоводов урожайность характеристика","3","6","Умеренная","https://malinaklubnika.ru/sorta/moskovskiy-gigant/","seo-reviews","cultivar_passport","photo","","https://dachaotzyv.ru/malina-moskovskij-gigant/","external_published_reader_accounts"
"малина новость кузьмина описание сорта фото отзывы садоводов","3","7","Умеренная","https://malinaklubnika.ru/sorta/raspberry-novost-kuzmina/","seo-reviews","cultivar_passport","gardener_reviews","https://7dach.ru/Eleko/10-luchshih-sortov-maliny-kotorye-rekomenduyut-dachniki-272274.html","",""
"малина радзиева описание сорта фото отзывы садоводов","3","6","Умеренная","https://malinaklubnika.ru/sorta/raspberry-radziejowa/","seo-reviews","cultivar_passport","photo; gardener_reviews","","",""
"малина столешник описание сорта фото отзывы садоводов","3","7","Умеренная","https://malinaklubnika.ru/sorta/raspberry-stoleshnik/","seo-reviews","cultivar_passport","photo; gardener_reviews","","",""
"малина столичная описание сорта фото отзывы","3","5","Умеренная","https://malinaklubnika.ru/sorta/raspberry-stolichnaya/","seo-reviews","cultivar_passport","photo; gardener_reviews","","",""
"клубника джуси отзывы","2","6","Умеренная","https://malinaklubnika.ru/sorta/strawberry-giusy/","seo-reviews","cultivar_passport","gardener_reviews","https://civ.it/wp-content/uploads/2025/01/giusy-still-life.png","",""
"клубника лакомка отзывы","2","4","Умеренная","https://malinaklubnika.ru/sorta/strawberry-lakomka-vir/","seo-reviews","cultivar_passport","gardener_reviews","","",""
"малина бенефис описание сорта фото отзывы садоводов","2","5","Умеренная","https://malinaklubnika.ru/sorta/raspberry-benefis/","seo-reviews","cultivar_passport","photo; gardener_reviews","","",""
"малина блестящая описание сорта фото отзывы садоводов","2","5","Умеренная","https://malinaklubnika.ru/sorta/raspberry-brilliantovaya/","seo-reviews","cultivar_passport","photo; gardener_reviews","","",""
"малина блэк джевел отзывы садоводов","2","4","Умеренная","https://malinaklubnika.ru/sorta/raspberry-black-jewel/","seo-reviews","cultivar_passport","gardener_reviews","","",""
"малина вилламет описание сорта фото отзывы","2","8","Умеренная","https://malinaklubnika.ru/sorta/raspberry-willamette/","seo-reviews","cultivar_passport","photo; gardener_reviews","","",""
"малина корпико описание сорта фото отзывы","2","6","Умеренная","https://malinaklubnika.ru/sorta/raspberry-korpiko/","seo-reviews","cultivar_passport","photo; gardener_reviews","","",""
"малина московский гигант описание сорта фото","2","2","Умеренная","https://malinaklubnika.ru/sorta/moskovskiy-gigant/","seo-photo","cultivar_passport","photo","","https://dachaotzyv.ru/malina-moskovskij-gigant/","external_published_reader_accounts"
"малина парпл джевел описание сорта фото отзывы","2","6","Умеренная","https://malinaklubnika.ru/sorta/raspberry-purple-jewel-trade/","seo-reviews","cultivar_passport","photo; gardener_reviews","","",""
"малина пшехиба описание отзывы","2","4","Умеренная","https://malinaklubnika.ru/sorta/pshehiba/","otzyvy","cultivar_passport","gardener_reviews","https://www.brzezna.pl/malina-rubus-idaeus-przehyba/","",""
"малина роялти отзывы","2","2","Умеренная","https://malinaklubnika.ru/sorta/raspberry-royalty/","seo-reviews","cultivar_passport","gardener_reviews","","",""
"малина самохвал описание характеристики и отзывы","2","2","Умеренная","https://malinaklubnika.ru/sorta/samohval/","otzyvy","cultivar_passport","gardener_reviews","","",""
"малина сорт гордость россии описание сорта фото отзывы","2","2","Умеренная","https://malinaklubnika.ru/sorta/gordost-rossii/","seo-reviews","cultivar_passport","photo","","https://7dach.ru/Alex_Eskin/podelites-opytom-vyraschivaniya-maliny-gordost-rossii-221162.html","grower_diary"
"малина столичная отзывы","2","5","Умеренная","https://malinaklubnika.ru/sorta/raspberry-stolichnaya/","seo-reviews","cultivar_passport","gardener_reviews","","",""
"малина улыбка описание сорта фото отзывы садоводов","2","7","Умеренная","https://malinaklubnika.ru/sorta/raspberry-ulybka/","seo-reviews","cultivar_passport","photo; gardener_reviews","","",""
"малина энросадира отзывы садоводов","2","3","Умеренная","https://malinaklubnika.ru/sorta/raspberry-enrosadira/","seo-reviews","cultivar_passport","gardener_reviews","https://patentimages.storage.googleapis.com/24/cb/3a/c3d2d1cc563536/US20140317798P1.pdf#page=2","",""
"земляника альфа отзывы","1","1","Умеренная","https://malinaklubnika.ru/sorta/alfa/","otzyvy","cultivar_passport","gardener_reviews","https://jbiochemtech.com/storage/models/article/bMUh1GtjLrbMv0U5GbVt14NkkfQ2frw7KZS6iVW7Iv1VKS7RXJ6GRMwbz9KS/garden-strawberry-varieties-of-the-all-russian-horticultural-institute-for-breeding-agrotechnology.pdf#page=5","",""
"земляника белруби описание сорта фото отзывы садоводов","1","1","Умеренная","https://malinaklubnika.ru/sorta/strawberry-belrubi-skfnc/","seo-reviews","cultivar_passport","photo; gardener_reviews","","",""
"земляника вима ксима описание сорта фото отзывы","1","2","Умеренная","https://malinaklubnika.ru/sorta/strawberry-vima-xima/","seo-reviews","cultivar_passport","photo; gardener_reviews","","",""
"кармен клубника описание отзывы","1","1","Умеренная","https://malinaklubnika.ru/sorta/strawberry-carmen-czech/","seo-reviews","cultivar_passport","gardener_reviews","","",""
"клубника боровицкая описание отзывы","1","3","Умеренная","https://malinaklubnika.ru/sorta/borovitskaya/","otzyvy","cultivar_passport","gardener_reviews","","",""
"клубника кулон фото","1","1","Умеренная","https://malinaklubnika.ru/zhurnal/nazvaniya-klubniki-elizaveta-aprika-i-oshibki/","section-6","editorial_answer","photo","","",""
"клубника ламбада описание отзывы","1","1","Умеренная","https://malinaklubnika.ru/sorta/strawberry-lambada/","seo-reviews","cultivar_passport","gardener_reviews","","",""
"клубника магнус отзывы садоводов","1","2","Умеренная","https://malinaklubnika.ru/sorta/magnus/","otzyvy","cultivar_passport","gardener_reviews","","",""
"клубника мальба описание и отзывы","1","1","Умеренная","https://malinaklubnika.ru/zhurnal/nazvaniya-klubniki-elizaveta-aprika-i-oshibki/","section-4","editorial_answer","gardener_reviews","","",""
"кумберленд описание сорта фото отзывы","1","1","Умеренная","https://malinaklubnika.ru/sorta/raspberry-cumberland/","seo-reviews","cultivar_passport","photo; gardener_reviews","","",""
"малина аврора отзывы","1","1","Умеренная","https://malinaklubnika.ru/sorta/raspberry-aurora/","seo-reviews","cultivar_passport","gardener_reviews","","",""
"малина аврора отзывы садоводов","1","1","Умеренная","https://malinaklubnika.ru/sorta/raspberry-aurora/","seo-reviews","cultivar_passport","gardener_reviews","","",""
"малина бирюсинка отзывы","1","2","Умеренная","https://malinaklubnika.ru/sorta/raspberry-biryusinka/","seo-reviews","cultivar_passport","gardener_reviews","","",""
"малина блестящая отзывы","1","2","Умеренная","https://malinaklubnika.ru/sorta/raspberry-brilliantovaya/","seo-reviews","cultivar_passport","gardener_reviews","","",""
"малина богатырь фото","1","1","Умеренная","https://malinaklubnika.ru/sorta/raspberry-bogatyr-trade/","seo-photo","cultivar_passport","photo","","",""
"малина гигант рубиновый отзывы","1","3","Умеренная","https://malinaklubnika.ru/sorta/raspberry-gigant-rubinovyi-trade/","seo-reviews","cultivar_passport","gardener_reviews","","",""
"малина дабл голд описание сорта фото отзывы","1","5","Умеренная","https://malinaklubnika.ru/sorta/double-gold/","otzyvy","cultivar_passport","photo; gardener_reviews","","",""
"малина дельбар манифик описание сорта фото отзывы садоводов","1","5","Умеренная","https://malinaklubnika.ru/sorta/raspberry-delbar-manifik-trade/","seo-reviews","cultivar_passport","photo; gardener_reviews","","",""
"малина доломия описание сорта фото отзывы","1","10","Умеренная","https://malinaklubnika.ru/sorta/raspberry-dolomia-plus/","seo-reviews","cultivar_passport","photo; gardener_reviews","","",""
"малина иллюзия описание сорта фото отзывы","1","5","Умеренная","https://malinaklubnika.ru/sorta/raspberry-illyuziya/","seo-reviews","cultivar_passport","photo; gardener_reviews","","",""
"малина кумберленд описание отзывы","1","1","Умеренная","https://malinaklubnika.ru/sorta/raspberry-cumberland/","seo-reviews","cultivar_passport","gardener_reviews","","",""
"малина новгородец описание отзывы фото","1","1","Умеренная","https://malinaklubnika.ru/zhurnal/nazvaniya-maliny-chudo-kuzmina-novgorodets/","section-3","editorial_answer","photo; gardener_reviews","","",""
"малина ремонтантная похвалинка отзывы","1","1","Умеренная","https://malinaklubnika.ru/sorta/pohvalinka/","otzyvy","cultivar_passport","gardener_reviews","","",""
"малина самородок отзывы","1","1","Умеренная","https://malinaklubnika.ru/sorta/raspberry-samorodok/","seo-reviews","cultivar_passport","gardener_reviews","","",""
"малина самохвал фото и описание","1","1","Умеренная","https://malinaklubnika.ru/sorta/samohval/","seo-photo","cultivar_passport","photo","","",""
"малиновое дерево богатырь описание сорта фото отзывы особенности выращивания","1","1","Умеренная","https://malinaklubnika.ru/sorta/raspberry-bogatyr-trade/","seo-reviews","cultivar_passport","photo; gardener_reviews","","",""
"отзывы о клубнике черный лебедь","1","1","Умеренная","https://malinaklubnika.ru/sorta/strawberry-black-swan/","seo-reviews","cultivar_passport","gardener_reviews","","",""
"сорт малины гордость россии фото и описание","1","3","Умеренная","https://malinaklubnika.ru/sorta/gordost-rossii/","seo-photo","cultivar_passport","photo","","https://7dach.ru/Alex_Eskin/podelites-opytom-vyraschivaniya-maliny-gordost-rossii-221162.html","grower_diary"
"энросадира малина описание отзывы","1","1","Умеренная","https://malinaklubnika.ru/sorta/raspberry-enrosadira/","seo-reviews","cultivar_passport","gardener_reviews","https://patentimages.storage.googleapis.com/24/cb/3a/c3d2d1cc563536/US20140317798P1.pdf#page=2","",""
