query,cluster,demand,clicks,competition_code,competition,scope,target_path,action,editorial_note,seed_sources,table_sources,observations,metric_conflict
болезни виктории описание с фотографиями и способы лечения,болезни клубники,63,106,LOW,Низкая,garden,/instrumenty/proverka-rasteniya/,new_diagnostic_hub,Подготовить руководство по болезням клубники с проверяемыми фото и различиями симптомов; связать с материалом о серой гнили.,болезни клубники | клубника,bolezni-klubniki.xlsx:AdditionalQueries | klubnika.xlsx:AdditionalQueries,2,False
ведьмина метла на малине фото и описание,ведьмина метла на малине,31,54,LOW,Низкая,garden,/instrumenty/proverka-rasteniya/,diagnostic_backlog,Связать симптомы с проверкой растения; отдельный материал только после проверки источников.,болезни малины,bolezni-maliny.xlsx:AdditionalQueries,1,False
болезни виктории описание с фотографиями,болезни клубники,25,43,LOW,Низкая,garden,/instrumenty/proverka-rasteniya/,new_diagnostic_hub,Подготовить руководство по болезням клубники с проверяемыми фото и различиями симптомов; связать с материалом о серой гнили.,болезни клубники,bolezni-klubniki.xlsx:AdditionalQueries,1,False
заболевание клубники фото и их лечение,болезни клубники,18,38,LOW,Низкая,garden,,manual_mapping,Нужна редакционная проверка намерения.,болезни клубники,bolezni-klubniki.xlsx:AdditionalQueries,1,False
лучшая малина для подмосковья,лучшие сорта малины для подмосковья,17,28,LOW,Низкая,garden,/zhurnal/sorta-maliny-dlya-podmoskovya-kak-vybrat/,improve_existing,Связать выбор со сравнением сортов и условиями участка; отзывы и урожайность показывать только с реальными данными.,болезни малины | сорта малины,bolezni-maliny.xlsx:AdditionalQueries | sorta-maliny.xlsx:AdditionalQueries,2,False
заболевания клубники,болезни клубники,14,17,LOW,Низкая,garden,,manual_mapping,Нужна редакционная проверка намерения.,болезни клубники,bolezni-klubniki.xlsx:AdditionalQueries,1,False
малина для подмосковья лучшие сорта отзывы,лучшие сорта малины для подмосковья,14,19,LOW,Низкая,garden,/zhurnal/sorta-maliny-dlya-podmoskovya-kak-vybrat/,improve_existing,Связать выбор со сравнением сортов и условиями участка; отзывы и урожайность показывать только с реальными данными.,болезни малины | сорта малины,bolezni-maliny.xlsx:AdditionalQueries | sorta-maliny.xlsx:Queries,2,False
земляника даренка описание,клубника даренка,13,10,LOW,Низкая,garden,/sorta/darenka/,improve_cultivar,"Проверить полноту описания, фото и сравнения; отзывы и урожайность добавлять только по фактическим источникам.",сорта клубники,sorta-klubniki.xlsx:AdditionalQueries,1,False
малиновое дерево уход и выращивание и обрезка весной,малиновое дерево,13,18,LOW,Низкая,garden,/zhurnal/malinovoe-derevo-tarusa/,improve_existing,Проверить ответ о штамбовой форме и уходе; не превращать торговое название в ботанический вид.,малина,malina.xlsx:AdditionalQueries,1,False
что такое ведьмина метла на малине фото,ведьмина метла на малине,13,14,LOW,Низкая,garden,/instrumenty/proverka-rasteniya/,diagnostic_backlog,Связать симптомы с проверкой растения; отдельный материал только после проверки источников.,болезни малины,bolezni-maliny.xlsx:AdditionalQueries,1,False
пурпурная пятнистость малины фото и их лечение,дидимелла на малине,12,14,LOW,Низкая,garden,,new_article,"Дидимелла: проверить диагностику по первоисточникам, затем подготовить материал; схемы препаратов требуют актуальной проверки.",болезни малины,bolezni-maliny.xlsx:AdditionalQueries,1,False
пурпурная пятнистость малины чем лечить,дидимелла на малине как бороться,12,15,LOW,Низкая,garden,,new_article,"Дидимелла: проверить диагностику по первоисточникам, затем подготовить материал; схемы препаратов требуют актуальной проверки.",болезни малины,bolezni-maliny.xlsx:AdditionalQueries,1,False
чем болеет клубника,болезни клубники,12,16,LOW,Низкая,garden,,manual_mapping,Нужна редакционная проверка намерения.,болезни клубники,bolezni-klubniki.xlsx:AdditionalQueries,1,False
что такое ксд и нсд клубники,нсд сорта клубники что это,11,11,LOW,Низкая,garden,/zhurnal/remontantnaya-klubnika/,improve_existing,"Проверить, есть ли понятное объяснение терминов и повторного плодоношения.",сорта клубники,sorta-klubniki.xlsx:AdditionalQueries,1,False
лучшие сорта виктории для урала для открытого грунта,лучшие сорта клубники для урала,10,18,LOW,Низкая,garden,,manual_mapping,Нужна редакционная проверка намерения.,сорта клубники,sorta-klubniki.xlsx:AdditionalQueries,1,False
пятнистость на листьях малины что это такое и как лечить,болезни малины,10,10,LOW,Низкая,garden,/instrumenty/proverka-rasteniya/,diagnostic_backlog,Связать симптомы с проверкой растения; отдельный материал только после проверки источников.,болезни малины,bolezni-maliny.xlsx:AdditionalQueries,1,False
малина ведьмина метла как избавиться,ведьмина метла на малине,9,18,LOW,Низкая,garden,/instrumenty/proverka-rasteniya/,diagnostic_backlog,Связать симптомы с проверкой растения; отдельный материал только после проверки источников.,болезни малины,bolezni-maliny.xlsx:AdditionalQueries,1,False
малина для подмосковья,лучшие сорта малины для подмосковья,9,10,LOW,Низкая,garden,/zhurnal/sorta-maliny-dlya-podmoskovya-kak-vybrat/,improve_existing,Связать выбор со сравнением сортов и условиями участка; отзывы и урожайность показывать только с реальными данными.,сорта малины,sorta-maliny.xlsx:AdditionalQueries,1,False
что такое клубника короткого светового дня,нсд сорта клубники что это,9,9,LOW,Низкая,garden,,manual_mapping,Нужна редакционная проверка намерения.,сорта клубники,sorta-klubniki.xlsx:AdditionalQueries,1,False
малиновое дерево сказка описание сорта фото отзывы садоводов,малина сказка,8,8,LOW,Низкая,garden,/zhurnal/malinovoe-derevo-tarusa/,improve_existing,Проверить ответ о штамбовой форме и уходе; не превращать торговое название в ботанический вид.,сорта малины,sorta-maliny.xlsx:AdditionalQueries,1,False
рейтинг малины для подмосковья лучших сортов,лучшие сорта малины для подмосковья,8,17,LOW,Низкая,garden,/zhurnal/sorta-maliny-dlya-podmoskovya-kak-vybrat/,improve_existing,Связать выбор со сравнением сортов и условиями участка; отзывы и урожайность показывать только с реальными данными.,болезни малины | сорта малины,bolezni-maliny.xlsx:AdditionalQueries | sorta-maliny.xlsx:Queries,2,False
заболевания клубники с фото и борьба с ними,болезни клубники,7,18,LOW,Низкая,garden,,manual_mapping,Нужна редакционная проверка намерения.,болезни клубники,bolezni-klubniki.xlsx:AdditionalQueries,1,False
как лечить малину от дидимеллы,дидимелла на малине как бороться,7,9,LOW,Низкая,garden,,new_article,"Дидимелла: проверить диагностику по первоисточникам, затем подготовить материал; схемы препаратов требуют актуальной проверки.",болезни малины,bolezni-maliny.xlsx:AdditionalQueries,1,False
крупноплодная малина сорта для подмосковья,лучшие сорта малины для подмосковья,7,9,LOW,Низкая,garden,/zhurnal/sorta-maliny-dlya-podmoskovya-kak-vybrat/,improve_existing,Связать выбор со сравнением сортов и условиями участка; отзывы и урожайность показывать только с реальными данными.,болезни малины | сорта малины,bolezni-maliny.xlsx:AdditionalQueries | sorta-maliny.xlsx:Queries,2,False
болезни виктории с фото,болезни клубники,6,12,LOW,Низкая,garden,/instrumenty/proverka-rasteniya/,new_diagnostic_hub,Подготовить руководство по болезням клубники с проверяемыми фото и различиями симптомов; связать с материалом о серой гнили.,болезни клубники,bolezni-klubniki.xlsx:AdditionalQueries,1,False
виктория гигантелла описание сорта фото отзывы садоводов,клубника гигантелла,6,8,LOW,Низкая,garden,,verify_cultivar,Сорта ещё нет в каталоге: сначала установить идентичность и собрать первоисточники; не создавать карточку из поисковой фразы.,сорта клубники,sorta-klubniki.xlsx:AdditionalQueries,1,False
чем лечить малину от дидимеллы,дидимелла на малине как бороться,6,11,LOW,Низкая,garden,,new_article,"Дидимелла: проверить диагностику по первоисточникам, затем подготовить материал; схемы препаратов требуют актуальной проверки.",болезни малины,bolezni-maliny.xlsx:AdditionalQueries,1,False
летняя малина лучшие сорта для подмосковья,лучшие сорта малины для подмосковья,5,7,LOW,Низкая,garden,/zhurnal/sorta-maliny-dlya-podmoskovya-kak-vybrat/,improve_existing,Связать выбор со сравнением сортов и условиями участка; отзывы и урожайность показывать только с реальными данными.,болезни малины | сорта малины,bolezni-maliny.xlsx:AdditionalQueries | sorta-maliny.xlsx:Queries,2,False
сорта малины устойчивые к дидимелле в подмосковье,сорта малины устойчивые к дидимелле,5,11,LOW,Низкая,garden,,new_article,"Дидимелла: проверить диагностику по первоисточникам, затем подготовить материал; схемы препаратов требуют актуальной проверки.",болезни малины | сорта малины,bolezni-maliny.xlsx:AdditionalQueries | sorta-maliny.xlsx:Queries,2,False
дидимелла на малине фото и описание,дидимелла на малине как бороться,4,8,LOW,Низкая,garden,,new_article,"Дидимелла: проверить диагностику по первоисточникам, затем подготовить материал; схемы препаратов требуют актуальной проверки.",болезни малины,bolezni-maliny.xlsx:AdditionalQueries,1,False
заболевания клубники с фото,болезни клубники,4,7,LOW,Низкая,garden,,manual_mapping,Нужна редакционная проверка намерения.,болезни клубники,bolezni-klubniki.xlsx:AdditionalQueries,1,False
лучшая ремонтантная малина для подмосковья отзывы,лучшие сорта малины для подмосковья,4,8,LOW,Низкая,garden,/zhurnal/sorta-maliny-dlya-podmoskovya-kak-vybrat/,improve_existing,Связать выбор со сравнением сортов и условиями участка; отзывы и урожайность показывать только с реальными данными.,сорта малины,sorta-maliny.xlsx:AdditionalQueries,1,False
малина ведьмина метла,ведьмина метла на малине,4,8,LOW,Низкая,garden,/instrumenty/proverka-rasteniya/,diagnostic_backlog,Связать симптомы с проверкой растения; отдельный материал только после проверки источников.,болезни малины,bolezni-maliny.xlsx:AdditionalQueries,1,False
малина ремонтантная для подмосковья лучшие сорта,лучшие сорта малины для подмосковья,4,5,LOW,Низкая,garden,/zhurnal/sorta-maliny-dlya-podmoskovya-kak-vybrat/,improve_existing,Связать выбор со сравнением сортов и условиями участка; отзывы и урожайность показывать только с реальными данными.,болезни малины | сорта малины,bolezni-maliny.xlsx:AdditionalQueries | sorta-maliny.xlsx:Queries,2,False
пятна на стеблях малины,болезни малины,4,7,LOW,Низкая,garden,/instrumenty/proverka-rasteniya/,diagnostic_backlog,Связать симптомы с проверкой растения; отдельный материал только после проверки источников.,болезни малины,bolezni-maliny.xlsx:AdditionalQueries,1,False
самая лучшая малина для подмосковья,лучшие сорта малины для подмосковья,4,7,LOW,Низкая,garden,/zhurnal/sorta-maliny-dlya-podmoskovya-kak-vybrat/,improve_existing,Связать выбор со сравнением сортов и условиями участка; отзывы и урожайность показывать только с реальными данными.,сорта малины,sorta-maliny.xlsx:AdditionalQueries,1,False
азиатская малина,тибетская малина,3,2,LOW,Низкая,garden,,manual_mapping,Нужна редакционная проверка намерения.,тибетская малина,tibetskaya-malina.xlsx:AdditionalQueries,1,False
априка клубника описание отзывы,клубника априка,3,5,LOW,Низкая,garden,/sorta/aprika/,improve_cultivar,"Проверить полноту описания, фото и сравнения; отзывы и урожайность добавлять только по фактическим источникам.",сорта клубники,sorta-klubniki.xlsx:AdditionalQueries,1,False
вирусная мозаика на малине,болезни малины,3,5,LOW,Низкая,garden,,manual_mapping,Нужна редакционная проверка намерения.,болезни малины,bolezni-maliny.xlsx:AdditionalQueries,1,False
земляника сан андреас описание сорта фото отзывы садоводов,клубника сан андреас,3,3,LOW,Низкая,garden,,verify_cultivar,Сорта ещё нет в каталоге: сначала установить идентичность и собрать первоисточники; не создавать карточку из поисковой фразы.,сорта клубники,sorta-klubniki.xlsx:AdditionalQueries,1,False
какую клубнику лучше посадить в сибири,сорта клубники для сибири,3,8,LOW,Низкая,garden,/zhurnal/posadka-klubniki/,improve_existing,"Дополнить существующий материал ответами по срокам и условиям, связать с инструментом срока посадки.",сорта клубники,sorta-klubniki.xlsx:AdditionalQueries,1,False
коричневые пятна на листьях земляники,болезни клубники,3,3,LOW,Низкая,garden,/instrumenty/proverka-rasteniya/,new_diagnostic_hub,Подготовить руководство по болезням клубники с проверяемыми фото и различиями симптомов; связать с материалом о серой гнили.,болезни клубники,bolezni-klubniki.xlsx:AdditionalQueries,1,False
лучшие сорта виктории для урала,лучшие сорта клубники для урала,3,7,LOW,Низкая,garden,,manual_mapping,Нужна редакционная проверка намерения.,сорта клубники,sorta-klubniki.xlsx:AdditionalQueries,1,False
малина ровница,малина ровница описание сорта,3,2,LOW,Низкая,garden,,manual_mapping,Нужна редакционная проверка намерения.,сорта малины,sorta-maliny.xlsx:AdditionalQueries,1,False
обработка малины от вредителей в июне,чем обработать малину от вредителей в июне,3,2,LOW,Низкая,garden,,manual_mapping,Нужна редакционная проверка намерения.,болезни малины,bolezni-maliny.xlsx:AdditionalQueries,1,False
парша на малине,болезни малины,3,4,LOW,Низкая,garden,,manual_mapping,Нужна редакционная проверка намерения.,болезни малины,bolezni-maliny.xlsx:AdditionalQueries,1,False
пурпуровая пятнистость малины фото и их лечение,дидимелла,3,3,LOW,Низкая,garden,/instrumenty/proverka-rasteniya/,diagnostic_backlog,Связать симптомы с проверкой растения; отдельный материал только после проверки источников.,болезни малины,bolezni-maliny.xlsx:AdditionalQueries,1,False
гордость россии малина описание сорта фото отзывы садоводов,малина гордость россии,2,2,LOW,Низкая,garden,,verify_cultivar,Сорта ещё нет в каталоге: сначала установить идентичность и собрать первоисточники; не создавать карточку из поисковой фразы.,посадка малины,posadka-maliny.xlsx:AdditionalQueries,1,False
дидимелла на малине меры борьбы весной,дидимелла на малине как бороться,2,5,LOW,Низкая,garden,,new_article,"Дидимелла: проверить диагностику по первоисточникам, затем подготовить материал; схемы препаратов требуют актуальной проверки.",болезни малины | сорта малины,bolezni-maliny.xlsx:AdditionalQueries | sorta-maliny.xlsx:AdditionalQueries,2,False
земляника альфа описание сорта фото отзывы,земляника альфа описание сорта,2,2,LOW,Низкая,garden,/sorta/alfa/,improve_cultivar,"Проверить полноту описания, фото и сравнения; отзывы и урожайность добавлять только по фактическим источникам.",сорта клубники,sorta-klubniki.xlsx:AdditionalQueries,1,False
земляника зефир описание сорта фото отзывы садоводов урожайность,клубника зефир,2,2,LOW,Низкая,garden,,verify_cultivar,Сорта ещё нет в каталоге: сначала установить идентичность и собрать первоисточники; не создавать карточку из поисковой фразы.,сорта клубники,sorta-klubniki.xlsx:AdditionalQueries,1,False
земляника прими описание сорта фото отзывы,клубника прими,2,2,LOW,Низкая,garden,,verify_cultivar,Сорта ещё нет в каталоге: сначала установить идентичность и собрать первоисточники; не создавать карточку из поисковой фразы.,сорта клубники,sorta-klubniki.xlsx:AdditionalQueries,1,False
земляника фейт описание сорта фото отзывы,клубника фейт,2,2,LOW,Низкая,garden,,verify_cultivar,Сорта ещё нет в каталоге: сначала установить идентичность и собрать первоисточники; не создавать карточку из поисковой фразы.,сорта клубники,sorta-klubniki.xlsx:AdditionalQueries,1,False
израстание малины описание с фотографиями,ведьмина метла на малине,2,6,LOW,Низкая,garden,,manual_mapping,Нужна редакционная проверка намерения.,болезни малины,bolezni-maliny.xlsx:AdditionalQueries,1,False
какая малина лучше для подмосковья,лучшие сорта малины для подмосковья,2,3,LOW,Низкая,garden,/zhurnal/sorta-maliny-dlya-podmoskovya-kak-vybrat/,improve_existing,Связать выбор со сравнением сортов и условиями участка; отзывы и урожайность показывать только с реальными данными.,сорта малины,sorta-maliny.xlsx:AdditionalQueries,1,False
какую малину лучше посадить в подмосковье,лучшие сорта малины для подмосковья,2,3,LOW,Низкая,garden,/zhurnal/sorta-maliny-dlya-podmoskovya-kak-vybrat/,improve_existing,Связать выбор со сравнением сортов и условиями участка; отзывы и урожайность показывать только с реальными данными.,сорта малины,sorta-maliny.xlsx:AdditionalQueries,1,False
какую малину лучше посадить в подмосковье отзывы,лучшие сорта малины для подмосковья,2,3,LOW,Низкая,garden,/zhurnal/sorta-maliny-dlya-podmoskovya-kak-vybrat/,improve_existing,Связать выбор со сравнением сортов и условиями участка; отзывы и урожайность показывать только с реальными данными.,сорта малины,sorta-maliny.xlsx:AdditionalQueries,1,False
клубника априка описание отзывы,клубника априка,2,2,LOW,Низкая,garden,/sorta/aprika/,improve_cultivar,"Проверить полноту описания, фото и сравнения; отзывы и урожайность добавлять только по фактическим источникам.",сорта клубники,sorta-klubniki.xlsx:AdditionalQueries,1,False
лучшая малина для подмосковья отзывы,лучшие сорта малины для подмосковья,2,4,LOW,Низкая,garden,/zhurnal/sorta-maliny-dlya-podmoskovya-kak-vybrat/,improve_existing,Связать выбор со сравнением сортов и условиями участка; отзывы и урожайность показывать только с реальными данными.,сорта малины,sorta-maliny.xlsx:AdditionalQueries,1,False
малина глен файн отзывы,малина глен файн описание сорта фото отзывы садоводов,2,4,LOW,Низкая,garden,,manual_mapping,Нужна редакционная проверка намерения.,сорта малины,sorta-maliny.xlsx:AdditionalQueries,1,False
малина прелесть описание,малина прелесть описание сорта,2,3,LOW,Низкая,garden,,manual_mapping,Нужна редакционная проверка намерения.,сорта малины,sorta-maliny.xlsx:AdditionalQueries,1,False
малина розолистная съедобная,тибетская малина,2,1,LOW,Низкая,garden,,manual_mapping,Нужна редакционная проверка намерения.,тибетская малина,tibetskaya-malina.xlsx:AdditionalQueries,1,False
малиновое дерево сказка посадка и уход,малиновое дерево,2,4,LOW,Низкая,garden,/zhurnal/malinovoe-derevo-tarusa/,improve_existing,Проверить ответ о штамбовой форме и уходе; не превращать торговое название в ботанический вид.,сорта малины,sorta-maliny.xlsx:AdditionalQueries,1,False
махровость малины,болезни малины,2,4,LOW,Низкая,garden,,manual_mapping,Нужна редакционная проверка намерения.,болезни малины,bolezni-maliny.xlsx:AdditionalQueries,1,False
обработка малины медным купоросом осенью,чем обработать малину осенью от болезней и вредителей,2,3,LOW,Низкая,garden,,manual_mapping,Нужна редакционная проверка намерения.,болезни малины,bolezni-maliny.xlsx:AdditionalQueries,1,False
пурпурная пятнистость малины фото,дидимелла на малине как бороться,2,2,LOW,Низкая,garden,,new_article,"Дидимелла: проверить диагностику по первоисточникам, затем подготовить материал; схемы препаратов требуют актуальной проверки.",болезни малины,bolezni-maliny.xlsx:AdditionalQueries,1,False
рейтинг ремонтантной малины для подмосковья,лучшие сорта малины для подмосковья,2,7,LOW,Низкая,garden,/zhurnal/sorta-maliny-dlya-podmoskovya-kak-vybrat/,improve_existing,Связать выбор со сравнением сортов и условиями участка; отзывы и урожайность показывать только с реальными данными.,сорта малины,sorta-maliny.xlsx:AdditionalQueries,1,False
самая сладкая малина для подмосковья,лучшие сорта малины для подмосковья,2,3,LOW,Низкая,garden,/zhurnal/sorta-maliny-dlya-podmoskovya-kak-vybrat/,improve_existing,Связать выбор со сравнением сортов и условиями участка; отзывы и урожайность показывать только с реальными данными.,сорта малины,sorta-maliny.xlsx:AdditionalQueries,1,False
самая сладкая ремонтантная малина для подмосковья,лучшие сорта малины для подмосковья,2,3,LOW,Низкая,garden,/zhurnal/sorta-maliny-dlya-podmoskovya-kak-vybrat/,improve_existing,Связать выбор со сравнением сортов и условиями участка; отзывы и урожайность показывать только с реальными данными.,сорта малины,sorta-maliny.xlsx:AdditionalQueries,1,False
самая урожайная малина для подмосковья,лучшие сорта малины для подмосковья,2,3,LOW,Низкая,garden,/zhurnal/sorta-maliny-dlya-podmoskovya-kak-vybrat/,improve_existing,Связать выбор со сравнением сортов и условиями участка; отзывы и урожайность показывать только с реальными данными.,сорта малины,sorta-maliny.xlsx:AdditionalQueries,1,False
чем лечить мозаичность малины,болезни малины,2,3,LOW,Низкая,garden,,manual_mapping,Нужна редакционная проверка намерения.,болезни малины,bolezni-maliny.xlsx:AdditionalQueries,1,False
баковые смеси для обработки клубники,баковая смесь для обработки клубники весной от болезней и вредителей,1,3,LOW,Низкая,garden,,manual_mapping,Нужна редакционная проверка намерения.,болезни клубники,bolezni-klubniki.xlsx:AdditionalQueries,1,False
бальзам малина,малина бальзам,1,1,LOW,Низкая,garden,/sorta/balzam/,improve_cultivar,"Проверить полноту описания, фото и сравнения; отзывы и урожайность добавлять только по фактическим источникам.",сорта малины,sorta-maliny.xlsx:AdditionalQueries,1,False
болезнь виктории,болезни клубники,1,2,LOW,Низкая,garden,/instrumenty/proverka-rasteniya/,new_diagnostic_hub,Подготовить руководство по болезням клубники с проверяемыми фото и различиями симптомов; связать с материалом о серой гнили.,болезни клубники,bolezni-klubniki.xlsx:AdditionalQueries,1,False
виктория сенсация описание сорта фото отзывы садоводов,клубника сенсация описание сорта фото отзывы садоводов урожайность,1,2,LOW,Низкая,garden,,verify_cultivar,Сорта ещё нет в каталоге: сначала установить идентичность и собрать первоисточники; не создавать карточку из поисковой фразы.,сорта клубники,sorta-klubniki.xlsx:AdditionalQueries,1,False
дидимелла лечение,дидимелла на малине как бороться,1,2,LOW,Низкая,garden,,new_article,"Дидимелла: проверить диагностику по первоисточникам, затем подготовить материал; схемы препаратов требуют актуальной проверки.",болезни малины,bolezni-maliny.xlsx:AdditionalQueries,1,False
дидимелла на малине фото лечение,дидимелла на малине как бороться,1,2,LOW,Низкая,garden,,new_article,"Дидимелла: проверить диагностику по первоисточникам, затем подготовить материал; схемы препаратов требуют актуальной проверки.",болезни малины,bolezni-maliny.xlsx:AdditionalQueries,1,False
заболевание клубники фото,болезни клубники,1,7,LOW,Низкая,garden,,manual_mapping,Нужна редакционная проверка намерения.,болезни клубники,bolezni-klubniki.xlsx:AdditionalQueries,1,False
заболевания виктории,болезни клубники,1,2,LOW,Низкая,garden,,manual_mapping,Нужна редакционная проверка намерения.,болезни клубники,bolezni-klubniki.xlsx:AdditionalQueries,1,False
заболевания клубники фото,болезни клубники,1,3,LOW,Низкая,garden,,manual_mapping,Нужна редакционная проверка намерения.,болезни клубники,bolezni-klubniki.xlsx:AdditionalQueries,1,False
заболевания клубники фото и описание и борьба,болезни клубники,1,5,LOW,Низкая,garden,,manual_mapping,Нужна редакционная проверка намерения.,болезни клубники,bolezni-klubniki.xlsx:AdditionalQueries,1,False
заболела клубника что делать,болезни клубники,1,3,LOW,Низкая,garden,,manual_mapping,Нужна редакционная проверка намерения.,болезни клубники,bolezni-klubniki.xlsx:AdditionalQueries,1,False
земляника априка описание сорта фото отзывы садоводов,априка клубника описание,1,2,LOW,Низкая,garden,/sorta/aprika/,improve_cultivar,"Проверить полноту описания, фото и сравнения; отзывы и урожайность добавлять только по фактическим источникам.",сорта клубники,sorta-klubniki.xlsx:AdditionalQueries,1,False
земляника гигантелла описание сорта отзывы,клубника гигантелла,1,1,LOW,Низкая,garden,,verify_cultivar,Сорта ещё нет в каталоге: сначала установить идентичность и собрать первоисточники; не создавать карточку из поисковой фразы.,сорта клубники,sorta-klubniki.xlsx:AdditionalQueries,1,False
какую малину выбрать для подмосковья,лучшие сорта малины для подмосковья,1,1,LOW,Низкая,garden,/zhurnal/sorta-maliny-dlya-podmoskovya-kak-vybrat/,improve_existing,Связать выбор со сравнением сортов и условиями участка; отзывы и урожайность показывать только с реальными данными.,сорта малины,sorta-maliny.xlsx:AdditionalQueries,1,False
клубника болеет что делать,болезни клубники,1,1,LOW,Низкая,garden,,manual_mapping,Нужна редакционная проверка намерения.,болезни клубники,bolezni-klubniki.xlsx:AdditionalQueries,1,False
клубника для восточной сибири,сорта клубники для сибири,1,2,LOW,Низкая,garden,/podbor/,improve_selector,Использовать место и подтверждённый допуск; местную урожайность не выводить из допуска.,сорта клубники,sorta-klubniki.xlsx:AdditionalQueries,1,False
клубника какая лучше для сибири,сорта клубники для сибири,1,1,LOW,Низкая,garden,/podbor/,improve_selector,Использовать место и подтверждённый допуск; местную урожайность не выводить из допуска.,сорта клубники,sorta-klubniki.xlsx:AdditionalQueries,1,False
клубника коричневые пятна на листьях,болезни клубники,1,1,LOW,Низкая,garden,/instrumenty/proverka-rasteniya/,new_diagnostic_hub,Подготовить руководство по болезням клубники с проверяемыми фото и различиями симптомов; связать с материалом о серой гнили.,болезни клубники,bolezni-klubniki.xlsx:AdditionalQueries,1,False
ксд клубника что это значит,нсд сорта клубники что это,1,1,LOW,Низкая,garden,/zhurnal/remontantnaya-klubnika/,improve_existing,"Проверить, есть ли понятное объяснение терминов и повторного плодоношения.",сорта клубники,sorta-klubniki.xlsx:AdditionalQueries,1,False
лучшие саженцы малины для подмосковья,лучшие сорта малины для подмосковья,1,1,LOW,Низкая,garden,/zhurnal/sorta-maliny-dlya-podmoskovya-kak-vybrat/,improve_existing,Связать выбор со сравнением сортов и условиями участка; отзывы и урожайность показывать только с реальными данными.,сорта малины,sorta-maliny.xlsx:AdditionalQueries,1,False
малина бальзам отзывы садоводов,малина бальзам,1,1,LOW,Низкая,garden,/sorta/balzam/,improve_cultivar,"Проверить полноту описания, фото и сравнения; отзывы и урожайность добавлять только по фактическим источникам.",сорта малины,sorta-maliny.xlsx:AdditionalQueries,1,False
малина бальзам отзывы садоводов форум,малина бальзам отзывы,1,1,LOW,Низкая,garden,/sorta/balzam/,improve_cultivar,"Проверить полноту описания, фото и сравнения; отзывы и урожайность добавлять только по фактическим источникам.",сорта малины,sorta-maliny.xlsx:AdditionalQueries,1,False
малина гусария описание,малина гусария описание сорта фото отзывы садоводов,1,2,LOW,Низкая,garden,,manual_mapping,Нужна редакционная проверка намерения.,сорта малины,sorta-maliny.xlsx:AdditionalQueries,1,False
малина для лен обл,лучшие сорта малины для ленинградской области,1,2,LOW,Низкая,garden,,manual_mapping,Нужна редакционная проверка намерения.,сорта малины,sorta-maliny.xlsx:AdditionalQueries,1,False
малина краса россии описание и отзывы садоводов,малина краса россии описание сорта,1,1,LOW,Низкая,garden,/sorta/krasa-rossii/,improve_cultivar,"Проверить полноту описания, фото и сравнения; отзывы и урожайность добавлять только по фактическим источникам.",сорта малины,sorta-maliny.xlsx:AdditionalQueries,1,False
малина мария отзывы,малина мария описание сорта,1,2,LOW,Низкая,garden,,manual_mapping,Нужна редакционная проверка намерения.,сорта малины,sorta-maliny.xlsx:AdditionalQueries,1,False
малина новгородец описание отзывы,малина нижегородец описание сорта фото отзывы,1,1,LOW,Низкая,garden,,manual_mapping,Нужна редакционная проверка намерения.,сорта малины,sorta-maliny.xlsx:AdditionalQueries,1,False
малина пшехиба отзывы описание,малина пшехиба,1,1,LOW,Низкая,garden,/sorta/pshehiba/,improve_cultivar,"Проверить полноту описания, фото и сравнения; отзывы и урожайность добавлять только по фактическим источникам.",сорта малины,sorta-maliny.xlsx:AdditionalQueries,1,False
малина сорта фото отзывы садоводов,лучшие сорта малины для нижегородской области для открытого грунта,1,1,LOW,Низкая,garden,,manual_mapping,Нужна редакционная проверка намерения.,болезни малины,bolezni-maliny.xlsx:AdditionalQueries,1,False
малина феномен отзывы садоводов форум,малина феномен отзывы,1,1,LOW,Низкая,garden,,manual_mapping,Нужна редакционная проверка намерения.,сорта малины,sorta-maliny.xlsx:AdditionalQueries,1,False
малиновое дерево таруса описание сорта фото отзывы садоводов урожайность характеристика,малина таруса описание,1,2,LOW,Низкая,garden,/zhurnal/malinovoe-derevo-tarusa/,improve_existing,Проверить ответ о штамбовой форме и уходе; не превращать торговое название в ботанический вид.,посадка малины | сорта малины,posadka-maliny.xlsx:AdditionalQueries | sorta-maliny.xlsx:AdditionalQueries,2,False
малиновые деревья сорта отзывы,малиновое дерево отзывы,1,1,LOW,Низкая,garden,,manual_mapping,Нужна редакционная проверка намерения.,сорта малины,sorta-maliny.xlsx:AdditionalQueries,1,False
маравилла малина описание отзывы особенности выращивания,малина маравилла описание сорта,1,1,LOW,Низкая,garden,,manual_mapping,Нужна редакционная проверка намерения.,сорта малины,sorta-maliny.xlsx:AdditionalQueries,1,False
метельчатость малины,ведьмина метла на малине,1,1,LOW,Низкая,garden,,manual_mapping,Нужна редакционная проверка намерения.,болезни малины,bolezni-maliny.xlsx:AdditionalQueries,1,False
на стеблях малины темные пятна,болезни малины,1,2,LOW,Низкая,garden,/instrumenty/proverka-rasteniya/,diagnostic_backlog,Связать симптомы с проверкой растения; отдельный материал только после проверки источников.,болезни малины,bolezni-maliny.xlsx:AdditionalQueries,1,False
народные средства обработки малины от вредителей,народные средства от вредителей малины,1,2,LOW,Низкая,garden,,manual_mapping,Нужна редакционная проверка намерения.,болезни малины,bolezni-maliny.xlsx:AdditionalQueries,1,False
норвежская малина уход,норвежская малина,1,1,LOW,Низкая,garden,,manual_mapping,Нужна редакционная проверка намерения.,тибетская малина,tibetskaya-malina.xlsx:AdditionalQueries,1,False
подкормка клубники весной йодом,йод для клубники весной,1,1,LOW,Низкая,garden,/zhurnal/chem-podkormit-klubniku-po-analizu-pochvy/,improve_existing,Проверить ответ для указанной фазы роста; сохранять выбор питания по данным анализа.,болезни клубники,bolezni-klubniki.xlsx:AdditionalQueries,1,False
почему у виктории желтеют листья,желтеют листья клубники,1,1,LOW,Низкая,garden,/instrumenty/proverka-rasteniya/,new_diagnostic_article,Проверить причины пожелтения клубники; материал о малине не отвечает этому запросу.,клубника,klubnika.xlsx:AdditionalQueries,1,False
рейтинг малины для подмосковья,лучшие сорта малины для подмосковья,1,1,LOW,Низкая,garden,/zhurnal/sorta-maliny-dlya-podmoskovya-kak-vybrat/,improve_existing,Связать выбор со сравнением сортов и условиями участка; отзывы и урожайность показывать только с реальными данными.,сорта малины,sorta-maliny.xlsx:AdditionalQueries,1,False
самая ранняя ремонтантная малина для подмосковья,лучшие сорта малины для подмосковья,1,1,LOW,Низкая,garden,/zhurnal/sorta-maliny-dlya-podmoskovya-kak-vybrat/,improve_existing,Связать выбор со сравнением сортов и условиями участка; отзывы и урожайность показывать только с реальными данными.,сорта малины,sorta-maliny.xlsx:AdditionalQueries,1,False
сорта малины для подмосковья рейтинг,лучшие сорта малины для подмосковья,1,1,LOW,Низкая,garden,/zhurnal/sorta-maliny-dlya-podmoskovya-kak-vybrat/,improve_existing,Связать выбор со сравнением сортов и условиями участка; отзывы и урожайность показывать только с реальными данными.,болезни малины,bolezni-maliny.xlsx:AdditionalQueries,1,False
уход за малиной маравилла,малина маравилла описание сорта,1,1,LOW,Низкая,garden,,manual_mapping,Нужна редакционная проверка намерения.,сорта малины,sorta-maliny.xlsx:AdditionalQueries,1,False
чем обработать малину в июне от вредителей,чем обработать малину от вредителей в июне,1,1,LOW,Низкая,garden,,manual_mapping,Нужна редакционная проверка намерения.,болезни малины,bolezni-maliny.xlsx:AdditionalQueries,1,False
черные точки на ягодах малины,болезни малины,1,1,LOW,Низкая,garden,,manual_mapping,Нужна редакционная проверка намерения.,болезни малины,bolezni-maliny.xlsx:AdditionalQueries,1,False
