query	demand
клубника самые вкусные сорта	62
клубника елизавета описание сорта	55
клубника ананасная описание сорта	52
клубника гигант джорнея описание сорта	51
клубника гигантский деликатес описание сорта	46
клубника скала описание сорта	44
клубника сорта с фото и описанием	36
клубника лакомка описание сорта	34
клубника крапо описание сорта	27
клубника эльвира	27
клубника кардинал описание сорта	26
клубника кабрило описание сорта	25
клубника гигант джорнея описание сорта фото отзывы садоводов	24
гигант джорнея клубника описание сорта	23
какая клубника самая сладкая и крупная и урожайная	23
клубника ами описание сорта	22
клубника генри описание сорта	22
клубника большая медведица описание сорта	21
клубника брина описание сорта	21
клубника остара описание сорта	21
клубника ананасная описание сорта фото отзывы садоводов	20
солнечная полянка клубника описание	20
клубника москова описание сорта	19
клубника клодия описание сорта	18
клубника кори описание сорта	18
клубника надя описание сорта	18
гигант джорнея клубника описание сорта отзывы	17
клубника русский размер описание сорта	17
клубника верона описание сорта	16
клубника медовая описание сорта	16
клубника фея описание сорта	16
клубника эми описание сорта	16
клубника белруби описание сорта	15
клубника гребешок описание сорта фото отзывы садоводов урожайность	15
клубника для ленинградской области лучшие сорта отзывы садоводов	15
клубника полька описание сорта	15
клубника розария описание сорта	15
клубника сладкий колосс описание сорта фото	15
клубника сладкоежка описание сорта	15
клубника сорта корона описание и фото	15
клубника великобритания описание сорта	14
клубника кисс неллис описание сорта	14
клубника федерика описание сорта	14
вивара клубника описание сорта фото отзывы	13
клубника гарда описание сорта	13
клубника дали описание сорта	13
клубника для урала лучшие сорта отзывы садоводов	13
клубника легран описание сорта	13
клубника орлец описание сорта	13
клубника сорта флер описание фото отзывы	13
клубника федерико описание сорта	13
клубника белый швед описание сорта	12
чем болеет клубника	12
клубника для сибири лучшие сорта отзывы садоводов	11
клубника золушка описание сорта	11
клубника олимпия описание сорта	11
клубника эльвира описание сорта	11
сладкая клубника сорт какой лучше	11
флер клубника описание сорта	11
клубника гигант описание сорта	10
клубника для северо-запада лучшие сорта	10
клубника елизавета описание сорта фото отзывы садоводов	10
клубника лакомка описание сорта фото отзывы садоводов	10
клубника мамочка описание сорта	10
клубника московский деликатес описание сорта	10
клубника польше описание сорта	10
клубника солнечная поляна описание сорта	10
самая вкусная клубника сорта	10
клубника антей описание сорта	9
клубника для бизнеса лучшие сорта	9
клубника зинга зинга фото описание и отзывы	9
что такое клубника короткого светового дня	9
земляника белруби описание	8
какая клубника ремонтантная самая урожайная сладкая и крупная	8
камрад победитель клубника описание сорта	8
клубника гигант джорнея описание сорта фото отзывы садоводов урожайность	8
клубника для подмосковья лучшие сорта отзывы садоводов	8
клубника кабрило описание сорта фото отзывы садоводов урожайность характеристика и описание	8
клубника розария описание сорта фото отзывы садоводов урожайность	8
клубника чешская красавица описание сорта фото отзывы садоводов урожайность	8
гигантский деликатес клубника описание сорта	7
кент клубника описание	7
клубника дероял описание сорта	7
клубника ремонтантная сорта с фото и описанием	7
клубника русский гигант f1 описание сорта фото отзывы	7
легран клубника описание сорта	7
федерика клубника описание	7
гибрид земляники и клубники земклуника или земклубника лучшие сорта	6
кабрильо клубника описание	6
клубника кисс неллис описание сорта фото отзывы садоводов урожайность	6
клубника эстафета описание сорта	6
клубника альтурас описание сорта	5
клубника большая медведица описание сорта фото отзывы садоводов	5
клубника мадлен описание сорта фото отзывы	5
клубника флорис описание сорта	5
клубника элоди описание сорта фото отзывы садоводов урожайность	5
клубника эльвира описание сорта фото отзывы садоводов	5
лучшая клубника для ленинградской области	5
рейтинг сортов клубники для подмосковья лучших по отзывам	5
русский размер клубника описание	5
виды клубники фото с названиями	4
земляника мея описание сорта	4
земляника русский размер описание сорта	4
земляника сорт максим	4
клубника африка описание	4
клубника гребешок отзывы	4
клубника сенсейшен описание	4
крупноплодная безусая земляника	4
лучшая клубника для сибири	4
рейтинг клубники лучших сортов	4
самая сладкая клубника сорта отзывы садоводов	4
земляника лакомка описание сорта	3
земляника садовая остара	3
зенгана клубника описание	3
клубника дженто описание сорта	3
клубника надя описание сорта фото отзывы садоводов урожайность	3
клубника фенг сянг описание сорта отзывы садоводов урожайность	3
совхоз имени ленина земляника	3
флоренция клубника описание	3
антей клубника описание	2
земляника эльвира описание сорта	2
какая клубника не дает усов	2
какая клубника ремонтантная самая лучшая	2
какая самая хорошая клубника ремонтантная	2
клубника антей описание	2
клубника апика	2
клубника для подмосковья для открытого грунта	2
клубника для северо запада	2
клубника лакомка отзывы	2
клубника санандрес	2
клубника федерика описание	2
клубника фото и описание	2
клубника эстафета описание	2
самая вкусная клубника для подмосковья	2
самый лучший фунгицид для клубники	2
сорта хорошей клубники	2
антеа клубника описание	1
бактериальный ожог клубники	1
заболела клубника что делать	1
земляника белруби описание сорта фото отзывы садоводов	1
земляника вкуснятина	1
земляника крапо описание сорта	1
земляника садовая медовая	1
как называется клубника без усов	1
какую клубнику лучше сажать в подмосковье	1
клубника астара описание	1
клубника болеет что делать	1
клубника вкуснятина описание	1
клубника дахли	1
клубника дерселект	1
клубника для восточной сибири	1
клубника заболела	1
клубника какая лучше для сибири	1
клубника клэри описание	1
клубника кулон фото	1
клубника мадлен описание	1
клубника мальба описание и отзывы	1
клубника мурана описание	1
клубника рейтинг лучших сортов для подмосковья	1
клубника сладкий колосс описание	1
клубника солнечная поляна описание	1
лучшая клубника для средней полосы	1
можно ли обрабатывать клубнику хорусом	1
название безусой клубники	1
препараты для лечения клубники	1
прима клубника описание	1
рейтинг клубники для подмосковья	1
самая урожайная клубника для подмосковья	1
сорт хорошей клубники	1
