path,workstream,query_forms,low_forms,moderate_forms,max_monthly_users_exact_form,highest_demand_query,forms_missing_resources,gsc_impressions_2026_09_27_to_10_06,gsc_clicks_2026_09_27_to_10_06,gsc_weighted_position,evidence_basis
/sorta/atlant/,Сорт и выбор,10,0,10,466,малина атлант,0,68,1,9.25,GSC до SEO-выпуска + Wordcraft
/sorta/krasa-rossii/,Сорт и выбор,12,1,11,205,малина краса россии описание сорта,0,52,0,9.714615384615383,GSC до SEO-выпуска + Wordcraft
/sorta/albion/,Сорт и выбор,15,0,15,569,клубника альбион описание сорта,0,20,0,15.6,GSC до SEO-выпуска + Wordcraft
/sorta/rumba/,Сорт и выбор,4,0,4,91,клубника румба описание сорта,0,19,0,10.79,GSC до SEO-выпуска + Wordcraft
/sorta/magnus/,Сорт и выбор,4,1,3,83,клубника магнус описание сорта,3,17,0,12.12,GSC до SEO-выпуска + Wordcraft
/sorta/kleri/,Сорт и выбор,33,5,28,919,клубника клери описание сорта,0,13,0,28.46,GSC до SEO-выпуска + Wordcraft
/zhurnal/sorta-maliny-dlya-podmoskovya-kak-vybrat/,Руководства и каталоги,159,74,85,574,сорта малины,0,9,0,41.78,GSC до SEO-выпуска + Wordcraft
/sorta/siriya/,Сорт и выбор,7,0,7,310,клубника сирия описание сорта,3,8,0,18.62,GSC до SEO-выпуска + Wordcraft
/sorta/joan-j/,Сорт и выбор,3,0,3,14,джоан джей малина описание сорта,0,8,0,8.75,GSC до SEO-выпуска + Wordcraft
/zhurnal/kak-vybrat-sort-klubniki/,Руководства и каталоги,194,33,161,1555,сорта клубники,0,7,0,50.43,GSC до SEO-выпуска + Wordcraft
/sorta/tarusa/,Сорт и выбор,40,5,35,312,малина таруса описание,0,7,0,17.71,GSC до SEO-выпуска + Wordcraft
/sorta/lyachka/,Сорт и выбор,11,0,11,170,малина лячка,0,7,0,9.14,GSC до SEO-выпуска + Wordcraft
/sorta/pohvalinka/,Сорт и выбор,10,2,8,65,малина похвалинка описание сорта,8,7,0,10.0,GSC до SEO-выпуска + Wordcraft
/sorta/zhuravlik/,Сорт и выбор,2,0,2,21,журавлик малина описание сорта фото отзывы,0,7,0,8.29,GSC до SEO-выпуска + Wordcraft
/sorta/elan/,Сорт и выбор,2,0,2,12,клубника элан описание сорта,0,6,0,19.0,GSC до SEO-выпуска + Wordcraft
/sorta/malvina/,Сорт и выбор,21,0,21,796,клубника мальвина описание сорта,0,5,0,38.4,GSC до SEO-выпуска + Wordcraft
/sorta/patritsiya/,Сорт и выбор,11,5,6,182,малина патриция описание сорта,0,5,0,14.0,GSC до SEO-выпуска + Wordcraft
/sorta/oranzhevoe-chudo/,Сорт и выбор,8,3,5,158,малина оранжевое чудо описание сорта,0,5,0,13.6,GSC до SEO-выпуска + Wordcraft
/zhurnal/klubnika-frigo-chto-proverit/,Руководства и каталоги,1,0,1,140,фриго клубника отзывы описание сорта фото,0,5,0,25.6,GSC до SEO-выпуска + Wordcraft
/sorta/bryanskoe-divo/,Сорт и выбор,3,0,3,80,малина брянское диво описание сорта,0,4,0,13.75,GSC до SEO-выпуска + Wordcraft
/sorta/darenka/,Сорт и выбор,5,3,2,32,клубника даренка описание сорта,3,4,0,8.0,GSC до SEO-выпуска + Wordcraft
/sorta/aziya/,Сорт и выбор,37,3,34,2241,клубника азия описание сорта,0,3,0,30.0,GSC до SEO-выпуска + Wordcraft
/sorta/murano/,Сорт и выбор,30,3,27,1132,клубника мурано описание сорта,0,3,0,18.33,GSC до SEO-выпуска + Wordcraft
/sorta/karamelka/,Сорт и выбор,21,0,21,352,малина карамелька описание сорта,0,3,0,14.0,GSC до SEO-выпуска + Wordcraft
/sorta/honey/,Сорт и выбор,12,0,12,285,хоней клубника,0,3,0,36.33,GSC до SEO-выпуска + Wordcraft
/zhurnal/peresadka-klubniki-osenyu-usloviya/,Руководства и каталоги,1,0,1,263,пересадка клубники осенью на новое место,0,3,0,37.33,GSC до SEO-выпуска + Wordcraft
/zhurnal/zhelteyut-listya-maliny-chto-proverit/,Руководства и каталоги,4,4,0,90,почему желтеют листья у малины,0,3,0,53.669999999999995,GSC до SEO-выпуска + Wordcraft
/sorta/poklon-kazakovu/,Сорт и выбор,6,3,3,71,малина поклон казакову описание сорта,0,3,0,33.33,GSC до SEO-выпуска + Wordcraft
/sorta/sudarushka/,Сорт и выбор,1,0,1,13,клубника сударушка описание сорта,0,3,0,37.0,GSC до SEO-выпуска + Wordcraft
/zhurnal/poliv-i-mulcha-klubniki/,Руководства и каталоги,2,0,2,3,как развести нашатырный спирт для полива клубники,0,3,0,27.67,GSC до SEO-выпуска + Wordcraft
/zhurnal/poliv-i-mulcha-maliny/,Руководства и каталоги,2,1,1,1,засухоустойчивые сорта малины,0,3,0,52.0,GSC до SEO-выпуска + Wordcraft
/sorta/alba/,Сорт и выбор,20,1,19,997,клубника альба описание сорта,0,2,0,20.5,GSC до SEO-выпуска + Wordcraft
/sorta/zheltyy-gigant/,Сорт и выбор,12,3,9,360,малина желтый гигант,0,2,0,25.5,GSC до SEO-выпуска + Wordcraft
/sorta/tsaritsa/,Сорт и выбор,9,0,9,201,клубника царица описание сорта,0,2,0,34.5,GSC до SEO-выпуска + Wordcraft
/sorta/zolotaya-osen/,Сорт и выбор,2,0,2,11,малина золотая осень описание сорта,0,2,0,49.5,GSC до SEO-выпуска + Wordcraft
/zhurnal/remontantnaya-klubnika/,Руководства и каталоги,43,6,37,1054,ремонтантная клубника что это значит,0,1,0,47.0,GSC до SEO-выпуска + Wordcraft
/zhurnal/chem-podkormit-klubniku-po-analizu-pochvy/,Руководства и каталоги,2,0,2,297,чем подкормить клубнику в апреле,0,1,0,75.0,GSC до SEO-выпуска + Wordcraft
/sorta/kimberli/,Сорт и выбор,7,0,7,174,кимберли клубника описание,0,1,0,78.0,GSC до SEO-выпуска + Wordcraft
/sorta/solnyshko/,Сорт и выбор,2,0,2,20,малина солнышко описание сорта,0,1,0,81.0,GSC до SEO-выпуска + Wordcraft
/sorta/borovitskaya/,Сорт и выбор,3,0,3,19,клубника боровицкая описание сорта,2,1,0,26.0,GSC до SEO-выпуска + Wordcraft
/zhurnal/tibetskaya-malina-kakoe-rastenie/,Руководства и каталоги,144,19,125,6022,тибетская малина,0,,,,Wordcraft; страница не выделена в сохранённой таблице GSC
/zhurnal/posadka-klubniki/,Руководства и каталоги,34,1,33,2050,как сажать клубнику,0,,,,Wordcraft; страница не выделена в сохранённой таблице GSC
/zhurnal/sinyaya-golubaya-i-chernaya-malina/,Руководства и каталоги,2,0,2,1778,голубая малина,0,,,,Wordcraft; страница не выделена в сохранённой таблице GSC
/zhurnal/chem-podkormit-klubniku-vo-vremya-plodonosheniya/,Руководства и каталоги,6,0,6,1413,чем подкормить клубнику во время плодоношения,0,,,,Wordcraft; страница не выделена в сохранённой таблице GSC
/zhurnal/obrezka-letney-maliny/,Руководства и каталоги,6,0,6,1184,когда обрезать малину,0,,,,Wordcraft; страница не выделена в сохранённой таблице GSC
/zhurnal/bolezni-klubniki-priznaki-i-proverka/,Руководства и каталоги,141,79,62,1026,болезни клубники,0,,,,Wordcraft; страница не выделена в сохранённой таблице GSC
/zhurnal/malinovoe-derevo-tarusa/,Руководства и каталоги,23,2,21,896,малиновое дерево фото,0,,,,Wordcraft; страница не выделена в сохранённой таблице GSC
/zhurnal/posadka-maliny/,Руководства и каталоги,207,15,192,891,как правильно посадить малину,0,,,,Wordcraft; страница не выделена в сохранённой таблице GSC
/zhurnal/bolezni-i-vrediteli-maliny-priznaki/,Руководства и каталоги,206,45,161,890,болезни малины,0,,,,Wordcraft; страница не выделена в сохранённой таблице GSC
/zhurnal/osennyaya-posadka-maliny-sroki-i-podgotovka/,Руководства и каталоги,122,0,122,801,посадка малины осенью когда и как посадить,0,,,,Wordcraft; страница не выделена в сохранённой таблице GSC
/zhurnal/kakuyu-pochvu-vybrat-dlya-maliny/,Руководства и каталоги,28,1,27,751,какую почву любит малина,0,,,,Wordcraft; страница не выделена в сохранённой таблице GSC
/zhurnal/kak-vyrastit-klubniku-iz-semyan/,Руководства и каталоги,2,2,0,741,как вырастить клубнику из семян,0,,,,Wordcraft; страница не выделена в сохранённой таблице GSC
/zhurnal/uhod-za-malinoi-vesnoi-posle-zimy/,Руководства и каталоги,114,1,113,723,как обрезать малину весной,0,,,,Wordcraft; страница не выделена в сохранённой таблице GSC
/sorta/black-prince-strawberry/,Сорт и выбор,15,0,15,684,клубника черный принц описание сорта,0,,,,Wordcraft; страница не выделена в сохранённой таблице GSC
/zhurnal/rasstoyanie-i-chernyi-material-dlya-klubniki/,Руководства и каталоги,5,0,5,682,на каком расстоянии сажать клубнику,0,,,,Wordcraft; страница не выделена в сохранённой таблице GSC
/zhurnal/shpalera-dlya-maliny-kak-vybrat-oporu/,Руководства и каталоги,8,0,8,675,как подвязать малину,0,,,,Wordcraft; страница не выделена в сохранённой таблице GSC
/sorta/kupchikha/,Сорт и выбор,37,0,37,671,клубника купчиха описание сорта,0,,,,Wordcraft; страница не выделена в сохранённой таблице GSC
/sorta/gusar/,Сорт и выбор,26,0,26,659,малина гусар описание сорта,0,,,,Wordcraft; страница не выделена в сохранённой таблице GSC
/zhurnal/chem-podkormit-malinu-po-fazam/,Руководства и каталоги,28,1,27,633,чем подкормить малину в июне,0,,,,Wordcraft; страница не выделена в сохранённой таблице GSC
/zhurnal/zhelteet-krasneet-i-sohnet-klubnika/,Руководства и каталоги,9,2,7,624,нематода на клубнике,0,,,,Wordcraft; страница не выделена в сохранённой таблице GSC
/zhurnal/uhod-za-klubnikoi-vesnoi-posle-zimy/,Руководства и каталоги,21,4,17,614,как сажать клубнику весной в открытый грунт,0,,,,Wordcraft; страница не выделена в сохранённой таблице GSC
/sorta/festivalnaya/,Сорт и выбор,25,0,25,587,клубника фестивальная описание сорта,0,,,,Wordcraft; страница не выделена в сохранённой таблице GSC
/zhurnal/uhod-za-klubnikoi-v-techenie-sezona/,Руководства и каталоги,12,0,12,553,как ухаживать за клубникой,0,,,,Wordcraft; страница не выделена в сохранённой таблице GSC
/sorta/aprika/,Сорт и выбор,17,7,10,552,априка клубника описание,9,,,,Wordcraft; страница не выделена в сохранённой таблице GSC
/zhurnal/listya-maliny-kak-vyglyadyat/,Руководства и каталоги,5,0,5,506,листья малины,0,,,,Wordcraft; страница не выделена в сохранённой таблице GSC
/zhurnal/vidy-maliny-nazvaniya-i-fotografii/,Руководства и каталоги,4,0,4,469,малина фото,0,,,,Wordcraft; страница не выделена в сохранённой таблице GSC
/zhurnal/peresadka-maliny-na-novoe-mesto/,Руководства и каталоги,13,1,12,442,когда пересаживать малину,0,,,,Wordcraft; страница не выделена в сохранённой таблице GSC
/sorta/strawberry-lord/,Сорт и выбор,17,5,12,422,клубника лорд описание сорта,0,,,,Wordcraft; страница не выделена в сохранённой таблице GSC
/sorta/pingvin/,Сорт и выбор,11,0,11,395,малина пингвин,0,,,,Wordcraft; страница не выделена в сохранённой таблице GSC
/zhurnal/razmnozhenie-maliny-otpryskami-i-cherenkami/,Руководства и каталоги,6,0,6,391,как размножить малину,0,,,,Wordcraft; страница не выделена в сохранённой таблице GSC
/sorta/gordost-rossii/,Сорт и выбор,15,7,8,366,малина гордость россии описание сорта,9,,,,Wordcraft; страница не выделена в сохранённой таблице GSC
/sorta/elizaveta-2/,Сорт и выбор,10,0,10,364,клубника елизавета 2 описание сорта,0,,,,Wordcraft; страница не выделена в сохранённой таблице GSC
/sorta/klubnika/,Сорт и выбор,35,1,34,330,клубника сорта,0,,,,Wordcraft; страница не выделена в сохранённой таблице GSC
/zhurnal/kak-vybrat-i-kupit-sazhency-maliny-i-klubniki/,Руководства и каталоги,10,0,10,330,рассада клубники купить,0,,,,Wordcraft; страница не выделена в сохранённой таблице GSC
/sorta/gigantella/,Сорт и выбор,24,12,12,320,клубника гигантелла описание,0,,,,Wordcraft; страница не выделена в сохранённой таблице GSC
/zhurnal/klubnika-i-malina-v-teplitse/,Руководства и каталоги,4,0,4,310,теплица клубника,0,,,,Wordcraft; страница не выделена в сохранённой таблице GSC
/sorta/pshehiba/,Сорт и выбор,20,3,17,296,малина пшехиба описание сорта,12,,,,Wordcraft; страница не выделена в сохранённой таблице GSC
/sorta/dzholi/,Сорт и выбор,9,0,9,294,клубника джоли описание сорта,0,,,,Wordcraft; страница не выделена в сохранённой таблице GSC
/zhurnal/didimella-maliny-priznaki-i-proverka/,Руководства и каталоги,24,13,11,277,дидимелла на малине как бороться,0,,,,Wordcraft; страница не выделена в сохранённой таблице GSC
/sorta/strawberry-zenga-zengana-trial/,Сорт и выбор,10,0,10,264,клубника зенга-зенгана описание,6,,,,Wordcraft; страница не выделена в сохранённой таблице GSC
/zhurnal/obrabotka-klubniki-i-maliny-po-sezonu/,Руководства и каталоги,47,5,42,264,обработка клубники осенью,0,,,,Wordcraft; страница не выделена в сохранённой таблице GSC
/sorta/maravilla/,Сорт и выбор,29,13,16,257,малина маравилла купить саженцы с доставкой,0,,,,Wordcraft; страница не выделена в сохранённой таблице GSC
/zhurnal/uhod-za-malinoi-v-techenie-sezona/,Руководства и каталоги,44,3,41,256,когда обрезают малину,0,,,,Wordcraft; страница не выделена в сохранённой таблице GSC
/sorta/strawberry-sonsation/,Сорт и выбор,14,6,8,254,клубника сенсация описание сорта,0,,,,Wordcraft; страница не выделена в сохранённой таблице GSC
/sorta/polka/,Сорт и выбор,18,0,18,243,малина полька описание сорта,0,,,,Wordcraft; страница не выделена в сохранённой таблице GSC
/sorta/tsunaki/,Сорт и выбор,11,0,11,243,цунаки клубника описание,6,,,,Wordcraft; страница не выделена в сохранённой таблице GSC
/zhurnal/vrediteli-klubniki-kak-razlichit/,Руководства и каталоги,89,8,81,240,вредители клубники фото и описание и борьба с ними,0,,,,Wordcraft; страница не выделена в сохранённой таблице GSC
/sorta/gerakl/,Сорт и выбор,15,0,15,238,малина геракл описание сорта,0,,,,Wordcraft; страница не выделена в сохранённой таблице GSC
/sorta/strawberry-gigantella-maxim-tail/,Сорт и выбор,8,2,6,238,клубника максим описание сорта,4,,,,Wordcraft; страница не выделена в сохранённой таблице GSC
/sorta/samohval/,Сорт и выбор,12,0,12,215,малина самохвал,8,,,,Wordcraft; страница не выделена в сохранённой таблице GSC
/zhurnal/tripsy-na-klubnike-priznaki/,Руководства и каталоги,2,2,0,195,трипсы на клубнике,0,,,,Wordcraft; страница не выделена в сохранённой таблице GSC
/sorta/mashenka/,Сорт и выбор,8,0,8,194,клубника машенька описание сорта,0,,,,Wordcraft; страница не выделена в сохранённой таблице GSC
/sorta/strawberry-oxheart-trade-name/,Сорт и выбор,4,0,4,192,клубника бычье сердце описание сорта,2,,,,Wordcraft; страница не выделена в сохранённой таблице GSC
/sorta/malina-skazka/,Сорт и выбор,25,6,19,186,малина сказка описание сорта,0,,,,Wordcraft; страница не выделена в сохранённой таблице GSC
/sorta/raspberry-gigant-rubinovyi-trade/,Сорт и выбор,4,0,4,186,малина гигант рубиновый,1,,,,Wordcraft; страница не выделена в сохранённой таблице GSC
/sorta/cabrillo/,Сорт и выбор,14,3,11,182,кабрилло клубника описание,0,,,,Wordcraft; страница не выделена в сохранённой таблице GSC
/sorta/strawberry-marmolada/,Сорт и выбор,5,0,5,181,клубника мармелада описание сорта,0,,,,Wordcraft; страница не выделена в сохранённой таблице GSC
/sorta/raspberry-rubinovyy-gigant/,Сорт и выбор,3,1,2,178,малина рубиновый гигант,0,,,,Wordcraft; страница не выделена в сохранённой таблице GSC
/sorta/strawberry-chamora-turusi/,Сорт и выбор,13,6,7,176,чамора туруси клубника описание сорта,0,,,,Wordcraft; страница не выделена в сохранённой таблице GSC
/sorta/zephyr/,Сорт и выбор,6,2,4,165,клубника зефир описание сорта,0,,,,Wordcraft; страница не выделена в сохранённой таблице GSC
/zhurnal/uhod-za-malinoi-posle-sbora-urozhaya/,Руководства и каталоги,2,0,2,162,уход за малиной после плодоношения,0,,,,Wordcraft; страница не выделена в сохранённой таблице GSC
/sorta/malina/,Сорт и выбор,70,16,54,156,малина сорта,0,,,,Wordcraft; страница не выделена в сохранённой таблице GSC
/sorta/strawberry-black-swan/,Сорт и выбор,7,0,7,152,клубника черный лебедь описание сорта,5,,,,Wordcraft; страница не выделена в сохранённой таблице GSC
/sorta/san-andreas/,Сорт и выбор,11,1,10,150,клубника сан андреас описание сорта,0,,,,Wordcraft; страница не выделена в сохранённой таблице GSC
/zhurnal/tlya-na-maline-chto-delat/,Руководства и каталоги,3,1,2,150,тля на малине чем обработать,0,,,,Wordcraft; страница не выделена в сохранённой таблице GSC
/sorta/strawberry-polka/,Сорт и выбор,4,0,4,147,клубника полка описание сорта,0,,,,Wordcraft; страница не выделена в сохранённой таблице GSC
/sorta/aniya/,Сорт и выбор,4,1,3,140,клубника ания описание сорта,2,,,,Wordcraft; страница не выделена в сохранённой таблице GSC
/sorta/raspberry-krasnaya-koroleva/,Сорт и выбор,9,0,9,132,малина красная королева,6,,,,Wordcraft; страница не выделена в сохранённой таблице GSC
/sorta/strawberry-flair/,Сорт и выбор,5,2,3,129,клубника флер описание сорта,0,,,,Wordcraft; страница не выделена в сохранённой таблице GSC
/sorta/brilla/,Сорт и выбор,6,2,4,125,клубника брилла описание сорта,5,,,,Wordcraft; страница не выделена в сохранённой таблице GSC
/sorta/strawberry-florence/,Сорт и выбор,9,0,9,120,клубника флоренс описание сорта,0,,,,Wordcraft; страница не выделена в сохранённой таблице GSC
/sorta/raspberry-mapema/,Сорт и выбор,6,0,6,117,мапема малина описание,2,,,,Wordcraft; страница не выделена в сохранённой таблице GSC
/sorta/strawberry-lucia/,Сорт и выбор,4,2,2,115,клубника лючия описание сорта,2,,,,Wordcraft; страница не выделена в сохранённой таблице GSC
/sorta/strawberry-premy/,Сорт и выбор,4,4,0,115,клубника прими описание сорта,3,,,,Wordcraft; страница не выделена в сохранённой таблице GSC
/sorta/polana/,Сорт и выбор,11,0,11,114,малина полана описание сорта,0,,,,Wordcraft; страница не выделена в сохранённой таблице GSC
/zhurnal/sohnut-i-gniyut-yagody-maliny/,Руководства и каталоги,5,1,4,113,монилиоз малины фото,0,,,,Wordcraft; страница не выделена в сохранённой таблице GSC
/sorta/glen-ample/,Сорт и выбор,6,3,3,110,малина глен ампл описание сорта,0,,,,Wordcraft; страница не выделена в сохранённой таблице GSC
/zhurnal/pochemu-malina-kislaya-vkus-i-zrelost/,Руководства и каталоги,1,0,1,110,почему кислая малина,0,,,,Wordcraft; страница не выделена в сохранённой таблице GSC
/sorta/raspberry-cumberland/,Сорт и выбор,19,0,19,108,малина кумберленд описание,8,,,,Wordcraft; страница не выделена в сохранённой таблице GSC
/sorta/strawberry-krapo-10/,Сорт и выбор,5,2,3,108,клубника крапо 10 описание сорта,3,,,,Wordcraft; страница не выделена в сохранённой таблице GSC
/sorta/strawberry-aleksandra-yakutia/,Сорт и выбор,6,0,6,106,клубника александра описание сорта,5,,,,Wordcraft; страница не выделена в сохранённой таблице GSC
/sorta/strawberry-sandra-bl34/,Сорт и выбор,3,2,1,105,клубника сандра описание сорта,2,,,,Wordcraft; страница не выделена в сохранённой таблице GSC
/sorta/meteor/,Сорт и выбор,5,0,5,104,малина метеор описание сорта,2,,,,Wordcraft; страница не выделена в сохранённой таблице GSC
/sorta/maroseyka/,Сорт и выбор,9,1,8,103,малина маросейка описание сорта,0,,,,Wordcraft; страница не выделена в сохранённой таблице GSC
/zhurnal/hloroz-maliny-prichiny-i-proverka/,Руководства и каталоги,3,3,0,99,хлороз малины,0,,,,Wordcraft; страница не выделена в сохранённой таблице GSC
/sorta/balzam/,Сорт и выбор,8,6,2,98,малина бальзам,5,,,,Wordcraft; страница не выделена в сохранённой таблице GSC
/sorta/strawberry-victoria/,Сорт и выбор,28,0,28,98,клубника виктория описание сорта,0,,,,Wordcraft; страница не выделена в сохранённой таблице GSC
/sorta/raspberry-novost-kuzmina/,Сорт и выбор,8,0,8,95,малина новость кузьмина описание сорта,5,,,,Wordcraft; страница не выделена в сохранённой таблице GSC
/sorta/malga/,Сорт и выбор,4,1,3,93,клубника мальга описание сорта,2,,,,Wordcraft; страница не выделена в сохранённой таблице GSC
/zhurnal/obrezka-maliny-po-sobolevu/,Руководства и каталоги,2,0,2,93,обрезка малины по соболеву,0,,,,Wordcraft; страница не выделена в сохранённой таблице GSC
/sorta/strawberry-korona/,Сорт и выбор,5,0,5,89,клубника корона описание сорта,0,,,,Wordcraft; страница не выделена в сохранённой таблице GSC
/sorta/malina-krepysh/,Сорт и выбор,9,0,9,87,малина крепыш описание сорта,0,,,,Wordcraft; страница не выделена в сохранённой таблице GSC
/sorta/michurin-schar-char/,Сорт и выбор,3,1,2,87,мице шиндлер клубника описание сорта,1,,,,Wordcraft; страница не выделена в сохранённой таблице GSC
/sorta/raspberry-babye-leto/,Сорт и выбор,7,0,7,87,малина бабье лето,0,,,,Wordcraft; страница не выделена в сохранённой таблице GSC
/sorta/raspberry-shapka-monomaha/,Сорт и выбор,6,0,6,84,малина шапка мономаха описание сорта,3,,,,Wordcraft; страница не выделена в сохранённой таблице GSC
/zhurnal/malinovaya-muha-i-vyanushchie-pobegi/,Руководства и каталоги,2,0,2,84,малиновая муха,0,,,,Wordcraft; страница не выделена в сохранённой таблице GSC
/sorta/raspberry-fenomen/,Сорт и выбор,6,4,2,83,малина феномен описание сорта,0,,,,Wordcraft; страница не выделена в сохранённой таблице GSC
/sorta/raspberry-vajolet/,Сорт и выбор,9,0,9,83,малина вайолет описание сорта,7,,,,Wordcraft; страница не выделена в сохранённой таблице GSC
/sorta/taganka/,Сорт и выбор,11,3,8,82,малина таганка описание сорта,0,,,,Wordcraft; страница не выделена в сохранённой таблице GSC
/sorta/raspberry-sokolica/,Сорт и выбор,5,2,3,80,малина соколица описание сорта,0,,,,Wordcraft; страница не выделена в сохранённой таблице GSC
/sorta/elsanta/,Сорт и выбор,6,0,6,78,клубника эльсанта описание сорта,0,,,,Wordcraft; страница не выделена в сохранённой таблице GSC
/sorta/moskovskiy-gigant/,Сорт и выбор,21,0,21,78,малина гигант московский описание сорта,9,,,,Wordcraft; страница не выделена в сохранённой таблице GSC
/sorta/strawberry-flamingo-trade-name/,Сорт и выбор,1,0,1,75,фламинго клубника описание сорта фото отзывы,1,,,,Wordcraft; страница не выделена в сохранённой таблице GSC
/sorta/strawberry-queen-elizabeth/,Сорт и выбор,7,0,7,73,клубника королева елизавета описание сорта,0,,,,Wordcraft; страница не выделена в сохранённой таблице GSC
/zhurnal/malina-ploho-rastet-chto-proverit/,Руководства и каталоги,1,0,1,73,малина плохо растет что делать,0,,,,Wordcraft; страница не выделена в сохранённой таблице GSC
/sorta/strawberry-darselect/,Сорт и выбор,7,0,7,72,дарселект клубника описание,0,,,,Wordcraft; страница не выделена в сохранённой таблице GSC
/sorta/strawberry-vivara/,Сорт и выбор,3,0,3,72,клубника вивара описание сорта,2,,,,Wordcraft; страница не выделена в сохранённой таблице GSC
/zhurnal/kak-udalit-kornevuyu-porosl-maliny/,Руководства и каталоги,3,1,2,72,как избавиться от корней малины,0,,,,Wordcraft; страница не выделена в сохранённой таблице GSC
/sorta/raspberry-sugana/,Сорт и выбор,9,3,6,71,малина зюгана описание сорта,0,,,,Wordcraft; страница не выделена в сохранённой таблице GSC
/sorta/strawberry-quicky/,Сорт и выбор,3,0,3,71,клубника квики описание сорта,1,,,,Wordcraft; страница не выделена в сохранённой таблице GSC
/sorta/strawberry-antea/,Сорт и выбор,7,0,7,69,клубника антея описание сорта,3,,,,Wordcraft; страница не выделена в сохранённой таблице GSC
/sorta/strawberry-roxana/,Сорт и выбор,4,1,3,69,клубника роксана описание сорта,0,,,,Wordcraft; страница не выделена в сохранённой таблице GSC
/sorta/raspberry-joan-j/,Сорт и выбор,5,0,5,68,малина джоан джей описание сорта,2,,,,Wordcraft; страница не выделена в сохранённой таблице GSC
/sorta/raspberry-kolokolchik/,Сорт и выбор,3,1,2,68,сорт малины колокольчик фото и описание,0,,,,Wordcraft; страница не выделена в сохранённой таблице GSC
/sorta/strawberry-chile-species/,Сорт и выбор,3,0,3,68,клубника чили описание сорта,2,,,,Wordcraft; страница не выделена в сохранённой таблице GSC
/zhurnal/nazvaniya-maliny-chudo-kuzmina-novgorodets/,Руководства и каталоги,5,1,4,67,чудо малина описание сорта фото отзывы,3,,,,Wordcraft; страница не выделена в сохранённой таблице GSC
/zhurnal/obrezka-remontantnoy-maliny/,Руководства и каталоги,1,0,1,65,обрезка ремонтантной малины когда и как правильно ее делать,0,,,,Wordcraft; страница не выделена в сохранённой таблице GSC
/sorta/peresvet/,Сорт и выбор,6,0,6,63,малина пересвет,0,,,,Wordcraft; страница не выделена в сохранённой таблице GSC
/sorta/strawberry-marshal/,Сорт и выбор,5,2,3,63,клубника маршал описание сорта,2,,,,Wordcraft; страница не выделена в сохранённой таблице GSC
/sorta/heritage/,Сорт и выбор,11,0,11,60,малина херитейдж описание,0,,,,Wordcraft; страница не выделена в сохранённой таблице GSC
/sorta/raspberry-mishutka/,Сорт и выбор,5,4,1,57,малина мишутка,0,,,,Wordcraft; страница не выделена в сохранённой таблице GSC
/sorta/raspberry-polonez/,Сорт и выбор,1,0,1,57,малина полонез описание сорта,0,,,,Wordcraft; страница не выделена в сохранённой таблице GSC
/sorta/strawberry-sonata/,Сорт и выбор,4,0,4,56,клубника соната описание сорта,0,,,,Wordcraft; страница не выделена в сохранённой таблице GSC
/sorta/strawberry-elianny/,Сорт и выбор,3,2,1,55,клубника элиане описание сорта,0,,,,Wordcraft; страница не выделена в сохранённой таблице GSC
/zhurnal/chernaya-malina-kumberlend-vyrashchivanie-i-obrezka/,Руководства и каталоги,11,5,6,55,черная малина сорта и фото и описание,0,,,,Wordcraft; страница не выделена в сохранённой таблице GSC
/zhurnal/nazvaniya-klubniki-elizaveta-aprika-i-oshibki/,Руководства и каталоги,10,1,9,55,клубника елизавета описание сорта,3,,,,Wordcraft; страница не выделена в сохранённой таблице GSC
/zhurnal/rasstoyanie-posadki-maliny-i-pervyi-urozhai/,Руководства и каталоги,55,0,55,54,посадка малины расстояние между кустами и рядами,0,,,,Wordcraft; страница не выделена в сохранённой таблице GSC
/sorta/raspberry-krasnaya-gvardiya/,Сорт и выбор,5,0,5,53,малина красная гвардия описание сорта,0,,,,Wordcraft; страница не выделена в сохранённой таблице GSC
/sorta/strawberry-carmen-czech/,Сорт и выбор,4,1,3,53,клубника кармен описание сорта,3,,,,Wordcraft; страница не выделена в сохранённой таблице GSC
/sorta/strawberry-garland-trade-name/,Сорт и выбор,3,1,2,53,клубника гирлянда описание сорта,2,,,,Wordcraft; страница не выделена в сохранённой таблице GSC
/sorta/strawberry-ananasnaya-name-check/,Сорт и выбор,2,0,2,52,клубника ананасная описание сорта,1,,,,Wordcraft; страница не выделена в сохранённой таблице GSC
/sorta/strawberry-giant-jorney-trade/,Сорт и выбор,5,0,5,51,клубника гигант джорнея описание сорта,3,,,,Wordcraft; страница не выделена в сохранённой таблице GSC
/sorta/raspberry-amira/,Сорт и выбор,4,1,3,50,малина амира описание сорта,2,,,,Wordcraft; страница не выделена в сохранённой таблице GSC
/sorta/strawberry-charlotte/,Сорт и выбор,4,1,3,50,клубника шарлотта описание сорта,0,,,,Wordcraft; страница не выделена в сохранённой таблице GSC
/sorta/strawberry-florida-beauty/,Сорт и выбор,3,0,3,50,флорида бьюти клубника описание сорта,1,,,,Wordcraft; страница не выделена в сохранённой таблице GSC
/sorta/raspberry-konek-gorbunok/,Сорт и выбор,4,0,4,49,конек горбунок малина купить,2,,,,Wordcraft; страница не выделена в сохранённой таблице GSC
/sorta/strawberry-toscana/,Сорт и выбор,2,0,2,49,клубника тоскана описание сорта,1,,,,Wordcraft; страница не выделена в сохранённой таблице GSC
/sorta/strawberry-giant-delicacy-trade/,Сорт и выбор,2,0,2,46,клубника гигантский деликатес описание сорта,0,,,,Wordcraft; страница не выделена в сохранённой таблице GSC
/sorta/strawberry-kent/,Сорт и выбор,5,1,4,45,клубника кент описание сорта,0,,,,Wordcraft; страница не выделена в сохранённой таблице GSC
/sorta/strawberry-ruby-pendant/,Сорт и выбор,7,1,6,45,клубника рубиновый кулон описание сорта,0,,,,Wordcraft; страница не выделена в сохранённой таблице GSC
/sorta/strawberry-scala-trade/,Сорт и выбор,1,0,1,44,клубника скала описание сорта,0,,,,Wordcraft; страница не выделена в сохранённой таблице GSC
/sorta/raspberry-bogatyr-trade/,Сорт и выбор,9,1,8,42,малина богатырь описание сорта,6,,,,Wordcraft; страница не выделена в сохранённой таблице GSC
/sorta/strawberry-pervoklassnitsa/,Сорт и выбор,6,0,6,42,клубника первоклассница,1,,,,Wordcraft; страница не выделена в сохранённой таблице GSC
/sorta/strawberry-furore/,Сорт и выбор,2,1,1,41,клубника фурор описание сорта,0,,,,Wordcraft; страница не выделена в сохранённой таблице GSC
/sorta/strawberry-lambada/,Сорт и выбор,2,0,2,41,клубника ламбада описание сорта,1,,,,Wordcraft; страница не выделена в сохранённой таблице GSC
/sorta/raspberry-black-jewel/,Сорт и выбор,6,3,3,38,малина блэк джевел описание сорта,4,,,,Wordcraft; страница не выделена в сохранённой таблице GSC
/sorta/raspberry-enrosadira/,Сорт и выбор,6,0,6,37,малина энросадира описание сорта фото отзывы садоводов,6,,,,Wordcraft; страница не выделена в сохранённой таблице GSC
/sorta/strawberry-mara-des-bois/,Сорт и выбор,3,1,2,37,клубника мара де буа описание сорта,1,,,,Wordcraft; страница не выделена в сохранённой таблице GSC
/sorta/raspberry-margarita-trade/,Сорт и выбор,4,0,4,36,малина маргарита описание сорта,2,,,,Wordcraft; страница не выделена в сохранённой таблице GSC
/sorta/strawberry-vima-xima/,Сорт и выбор,2,0,2,36,клубника вима ксима описание сорта,1,,,,Wordcraft; страница не выделена в сохранённой таблице GSC
/sorta/malina/regiony/,Сорт и выбор,41,20,21,35,лучшие сорта ремонтантной малины для подмосковья,0,,,,Wordcraft; страница не выделена в сохранённой таблице GSC
/sorta/raspberry-ispolin/,Сорт и выбор,4,1,3,35,малина исполин описание сорта,2,,,,Wordcraft; страница не выделена в сохранённой таблице GSC
/sorta/raspberry-nizhegorodets/,Сорт и выбор,5,1,4,35,малина нижегородец описание сорта фото отзывы,0,,,,Wordcraft; страница не выделена в сохранённой таблице GSC
/sorta/raspberry-vasena/,Сорт и выбор,4,0,4,35,малина васена описание сорта,1,,,,Wordcraft; страница не выделена в сохранённой таблице GSC
/sorta/strawberry-faith/,Сорт и выбор,5,2,3,35,клубника фейт описание сорта,3,,,,Wordcraft; страница не выделена в сохранённой таблице GSC
/sorta/strawberry-slonenok/,Сорт и выбор,3,1,2,35,клубника слоненок описание сорта,2,,,,Wordcraft; страница не выделена в сохранённой таблице GSC
/sorta/klubnika/regiony/,Сорт и выбор,40,10,30,34,клубника для подмосковья лучшие сорта,0,,,,Wordcraft; страница не выделена в сохранённой таблице GSC
/sorta/strawberry-kama/,Сорт и выбор,2,0,2,34,клубника кама описание сорта,0,,,,Wordcraft; страница не выделена в сохранённой таблице GSC
/sorta/strawberry-lakomka-vir/,Сорт и выбор,4,0,4,34,клубника лакомка описание сорта,2,,,,Wordcraft; страница не выделена в сохранённой таблице GSC
/sorta/strawberry-salsa/,Сорт и выбор,1,0,1,33,клубника сальса описание сорта,0,,,,Wordcraft; страница не выделена в сохранённой таблице GSC
/sorta/beglyanka/,Сорт и выбор,5,0,5,32,малина беглянка описание сорта,0,,,,Wordcraft; страница не выделена в сохранённой таблице GSC
/sorta/strawberry-bogema/,Сорт и выбор,2,1,1,32,клубника богема описание сорта,1,,,,Wordcraft; страница не выделена в сохранённой таблице GSC
/sorta/raspberry-himbo-top/,Сорт и выбор,5,2,3,31,малина химбо-топ описание сорта фото,3,,,,Wordcraft; страница не выделена в сохранённой таблице GSC
/sorta/raspberry-nagrada/,Сорт и выбор,5,1,4,31,малина награда описание сорта,3,,,,Wordcraft; страница не выделена в сохранённой таблице GSC
/sorta/raspberry-georgia/,Сорт и выбор,3,0,3,30,малина джорджия описание сорта,2,,,,Wordcraft; страница не выделена в сохранённой таблице GSC
/sorta/raspberry-tatyana/,Сорт и выбор,2,0,2,30,малина татьяна описание сорта,1,,,,Wordcraft; страница не выделена в сохранённой таблице GSC
/sorta/strawberry-harmonie/,Сорт и выбор,2,0,2,30,клубника гармония описание сорта,0,,,,Wordcraft; страница не выделена в сохранённой таблице GSC
/sorta/strawberry-selva-uc/,Сорт и выбор,1,0,1,30,клубника сельва описание сорта,0,,,,Wordcraft; страница не выделена в сохранённой таблице GSC
/sorta/raspberry-husaria/,Сорт и выбор,5,3,2,29,малина гусария описание сорта фото отзывы садоводов,2,,,,Wordcraft; страница не выделена в сохранённой таблице GSC
/sorta/raspberry-malinovaya-gryada/,Сорт и выбор,5,0,5,29,малина малиновая гряда описание сорта,2,,,,Wordcraft; страница не выделена в сохранённой таблице GSC
/sorta/strawberry-monterey-uc/,Сорт и выбор,1,0,1,29,клубника монтерей описание сорта,0,,,,Wordcraft; страница не выделена в сохранённой таблице GSC
/sorta/raspberry-majestic/,Сорт и выбор,4,0,4,28,малина маджестик описание сорта,2,,,,Wordcraft; страница не выделена в сохранённой таблице GSC
/sorta/raspberry-delniwa/,Сорт и выбор,8,0,8,27,малина делнива описание сорта,4,,,,Wordcraft; страница не выделена в сохранённой таблице GSC
/sorta/strawberry-elvira-trade/,Сорт и выбор,4,0,4,27,клубника эльвира,0,,,,Wordcraft; страница не выделена в сохранённой таблице GSC
/sorta/strawberry-krapo-generic/,Сорт и выбор,2,0,2,27,клубника крапо описание сорта,0,,,,Wordcraft; страница не выделена в сохранённой таблице GSC
/sorta/strawberry-temptation-syngenta/,Сорт и выбор,2,0,2,27,клубника искушение описание сорта,0,,,,Wordcraft; страница не выделена в сохранённой таблице GSC
/sorta/izobilnaya/,Сорт и выбор,10,3,7,26,малина изобильная описание сорта,0,,,,Wordcraft; страница не выделена в сохранённой таблице GSC
/sorta/raspberry-cascade-delight/,Сорт и выбор,2,1,1,26,малина каскад делайт описание сорта,0,,,,Wordcraft; страница не выделена в сохранённой таблице GSC
/sorta/raspberry-terentiy/,Сорт и выбор,7,1,6,26,малина терентий описание сорта,0,,,,Wordcraft; страница не выделена в сохранённой таблице GSC
/sorta/strawberry-cardinal-arkansas/,Сорт и выбор,1,0,1,26,клубника кардинал описание сорта,0,,,,Wordcraft; страница не выделена в сохранённой таблице GSC
/sorta/strawberry-festivalnaya-romashka/,Сорт и выбор,5,0,5,26,клубника фестивальная ромашка описание сорта,1,,,,Wordcraft; страница не выделена в сохранённой таблице GSC
/sorta/strawberry-hademar/,Сорт и выбор,2,0,2,26,клубника хадемар описание сорта,1,,,,Wordcraft; страница не выделена в сохранённой таблице GSC
/sorta/strawberry-venta/,Сорт и выбор,2,0,2,26,клубника вента,0,,,,Wordcraft; страница не выделена в сохранённой таблице GSC
/sorta/strawberry-vima-zanta/,Сорт и выбор,4,0,4,26,клубника вима занта описание сорта,0,,,,Wordcraft; страница не выделена в сохранённой таблице GSC
/sorta/raspberry-brigantina/,Сорт и выбор,2,0,2,25,малина бригантина,0,,,,Wordcraft; страница не выделена в сохранённой таблице GSC
/sorta/raspberry-glen-coe/,Сорт и выбор,3,1,2,25,малина глен кое описание сорта,2,,,,Wordcraft; страница не выделена в сохранённой таблице GSC
/sorta/zolotye-kupola/,Сорт и выбор,4,1,3,25,малина золотые купола описание сорта,0,,,,Wordcraft; страница не выделена в сохранённой таблице GSC
/sorta/raspberry-brusviana/,Сорт и выбор,2,1,1,24,малина брусвяна описание сорта,0,,,,Wordcraft; страница не выделена в сохранённой таблице GSC
/sorta/strawberry-maryshka/,Сорт и выбор,2,0,2,24,клубника марышка описание сорта,1,,,,Wordcraft; страница не выделена в сохранённой таблице GSC
/sorta/strawberry-sugar-lia/,Сорт и выбор,4,1,3,24,лия сахарная клубника описание сорта,2,,,,Wordcraft; страница не выделена в сохранённой таблице GSC
/sorta/bereginya/,Сорт и выбор,3,0,3,23,клубника берегиня описание сорта,0,,,,Wordcraft; страница не выделена в сохранённой таблице GSC
/sorta/raspberry-slastikha/,Сорт и выбор,3,0,3,23,малина сластиха описание сорта,2,,,,Wordcraft; страница не выделена в сохранённой таблице GSC
/sorta/strawberry-limalexia/,Сорт и выбор,4,0,4,23,лималексия клубника описание,1,,,,Wordcraft; страница не выделена в сохранённой таблице GSC
/sorta/strawberry-mariguette/,Сорт и выбор,3,0,3,23,клубника маригет описание сорта,1,,,,Wordcraft; страница не выделена в сохранённой таблице GSC
/sorta/raspberry-marcela/,Сорт и выбор,1,0,1,22,малина марсела описание сорта фото отзывы,1,,,,Wordcraft; страница не выделена в сохранённой таблице GSC
/sorta/strawberry-henry-hamburger-trade/,Сорт и выбор,3,0,3,22,клубника ами описание сорта,0,,,,Wordcraft; страница не выделена в сохранённой таблице GSC
/sorta/strawberry-nandi/,Сорт и выбор,3,0,3,22,нанди клубника описание сорта фото отзывы садоводов,1,,,,Wordcraft; страница не выделена в сохранённой таблице GSC
/sorta/raspberry-nedosyaemaya/,Сорт и выбор,2,0,2,21,малина недосягаемая описание сорта,1,,,,Wordcraft; страница не выделена в сохранённой таблице GSC
/sorta/raspberry-tulameen/,Сорт и выбор,4,0,4,21,малина туламин описание сорта,0,,,,Wordcraft; страница не выделена в сохранённой таблице GSC
/sorta/raspberry-volnitsa/,Сорт и выбор,2,0,2,21,малина вольница описание сорта,1,,,,Wordcraft; страница не выделена в сохранённой таблице GSC
/sorta/strawberry-big-dipper-trade/,Сорт и выбор,2,0,2,21,клубника большая медведица описание сорта,1,,,,Wordcraft; страница не выделена в сохранённой таблице GSC
/sorta/strawberry-brina-coviro/,Сорт и выбор,1,0,1,21,клубника брина описание сорта,0,,,,Wordcraft; страница не выделена в сохранённой таблице GSC
/sorta/strawberry-ostara-trade/,Сорт и выбор,2,0,2,21,клубника остара описание сорта,0,,,,Wordcraft; страница не выделена в сохранённой таблице GSC
/sorta/divnaya/,Сорт и выбор,1,0,1,20,клубника дивная описание сорта,0,,,,Wordcraft; страница не выделена в сохранённой таблице GSC
/sorta/raspberry-mirazh/,Сорт и выбор,1,1,0,20,малина мираж описание сорта,0,,,,Wordcraft; страница не выделена в сохранённой таблице GSC
/sorta/raspberry-radziejowa/,Сорт и выбор,2,0,2,20,малина радзиева описание сорта,1,,,,Wordcraft; страница не выделена в сохранённой таблице GSC
/sorta/raspberry-vera/,Сорт и выбор,2,0,2,20,малина вера описание сорта,1,,,,Wordcraft; страница не выделена в сохранённой таблице GSC
/sorta/rubinovoe-ozherele/,Сорт и выбор,2,0,2,20,малина рубиновое ожерелье описание сорта,0,,,,Wordcraft; страница не выделена в сохранённой таблице GSC
/sorta/strawberry-solnechnaya-polyanka-krasnoyarsk/,Сорт и выбор,3,1,2,20,солнечная полянка клубника описание,0,,,,Wordcraft; страница не выделена в сохранённой таблице GSC
/sorta/raspberry-doch-gerakla-trade/,Сорт и выбор,8,1,7,19,малина дочь геракла описание сорта,0,,,,Wordcraft; страница не выделена в сохранённой таблице GSC
/sorta/strawberry-moskova-trade/,Сорт и выбор,1,0,1,19,клубника москова описание сорта,0,,,,Wordcraft; страница не выделена в сохранённой таблице GSC
/sorta/strawberry-vima-rina/,Сорт и выбор,2,0,2,19,клубника вима рина описание сорта,1,,,,Wordcraft; страница не выделена в сохранённой таблице GSC
/sorta/strawberry-vima-tarda/,Сорт и выбор,2,1,1,19,клубника вима тарда описание сорта,0,,,,Wordcraft; страница не выделена в сохранённой таблице GSC
/sorta/vityaz/,Сорт и выбор,2,0,2,19,клубника витязь описание сорта,0,,,,Wordcraft; страница не выделена в сохранённой таблице GSC
/sorta/zhar-ptitsa/,Сорт и выбор,2,0,2,19,малина жар птица описание сорта,1,,,,Wordcraft; страница не выделена в сохранённой таблице GSC
/sorta/raspberry-polet-kostenko-trade/,Сорт и выбор,1,0,1,18,малина полет костенко описание сорта,0,,,,Wordcraft; страница не выделена в сохранённой таблице GSC
/sorta/strawberry-cory-p241102/,Сорт и выбор,1,1,0,18,клубника кори описание сорта,0,,,,Wordcraft; страница не выделена в сохранённой таблице GSC
/sorta/strawberry-klodia-civ/,Сорт и выбор,1,0,1,18,клубника клодия описание сорта,0,,,,Wordcraft; страница не выделена в сохранённой таблице GSC
/sorta/strawberry-nadja-bl29/,Сорт и выбор,2,0,2,18,клубника надя описание сорта,1,,,,Wordcraft; страница не выделена в сохранённой таблице GSC
/sorta/raspberry-oktavia/,Сорт и выбор,2,0,2,17,малина октавия описание сорта,1,,,,Wordcraft; страница не выделена в сохранённой таблице GSC
/sorta/strawberry-bogota/,Сорт и выбор,2,0,2,17,клубника богота описание сорта,0,,,,Wordcraft; страница не выделена в сохранённой таблице GSC
/sorta/strawberry-falco/,Сорт и выбор,1,0,1,17,клубника фалко описание сорта,0,,,,Wordcraft; страница не выделена в сохранённой таблице GSC
/sorta/strawberry-fireworks/,Сорт и выбор,2,1,1,17,клубника фейерверк описание сорта,0,,,,Wordcraft; страница не выделена в сохранённой таблице GSC
/sorta/strawberry-russian-size-trade/,Сорт и выбор,3,0,3,17,клубника русский размер описание сорта,0,,,,Wordcraft; страница не выделена в сохранённой таблице GSC
/sorta/raspberry-lagorai-plus/,Сорт и выбор,3,0,3,16,малина лагорай описание сорта,0,,,,Wordcraft; страница не выделена в сохранённой таблице GSC
/sorta/strawberry-allegro/,Сорт и выбор,2,0,2,16,клубника аллегро описание сорта,0,,,,Wordcraft; страница не выделена в сохранённой таблице GSC
/sorta/strawberry-feya-samara/,Сорт и выбор,1,0,1,16,клубника фея описание сорта,0,,,,Wordcraft; страница не выделена в сохранённой таблице GSC
/sorta/strawberry-honeoye-cornell/,Сорт и выбор,2,0,2,16,клубника медовая описание сорта,0,,,,Wordcraft; страница не выделена в сохранённой таблице GSC
/sorta/strawberry-verona-samara-study/,Сорт и выбор,1,0,1,16,клубника верона описание сорта,0,,,,Wordcraft; страница не выделена в сохранённой таблице GSC
/sorta/strawberry-vinogradny-bum-trade/,Сорт и выбор,1,0,1,16,клубника виноградный бум описание сорта отзывы,1,,,,Wordcraft; страница не выделена в сохранённой таблице GSC
/sorta/raspberry-bristol/,Сорт и выбор,3,0,3,15,малина бристоль описание сорта,1,,,,Wordcraft; страница не выделена в сохранённой таблице GSC
/sorta/raspberry-zolotoy-gigant/,Сорт и выбор,2,1,1,15,малина золотой гигант описание сорта,1,,,,Wordcraft; страница не выделена в сохранённой таблице GSC
/sorta/strawberry-belrubi-skfnc/,Сорт и выбор,3,0,3,15,клубника белруби описание сорта,1,,,,Wordcraft; страница не выделена в сохранённой таблице GSC
/sorta/strawberry-dukat/,Сорт и выбор,1,0,1,15,клубника дукат описание сорта,0,,,,Wordcraft; страница не выделена в сохранённой таблице GSC
/sorta/strawberry-grebeshok-trade/,Сорт и выбор,2,0,2,15,клубника гребешок описание сорта фото отзывы садоводов урожайность,2,,,,Wordcraft; страница не выделена в сохранённой таблице GSC
/sorta/strawberry-rosaria-kraege/,Сорт и выбор,2,2,0,15,клубника розария описание сорта,1,,,,Wordcraft; страница не выделена в сохранённой таблице GSC
/sorta/strawberry-sibilla/,Сорт и выбор,2,0,2,15,клубника сибилла описание сорта,0,,,,Wordcraft; страница не выделена в сохранённой таблице GSC
/sorta/strawberry-sweet-colossus-trade/,Сорт и выбор,2,0,2,15,клубника сладкий колосс описание сорта фото,1,,,,Wordcraft; страница не выделена в сохранённой таблице GSC
/sorta/strawberry-sweettooth-amur-trial/,Сорт и выбор,1,0,1,15,клубника сладкоежка описание сорта,0,,,,Wordcraft; страница не выделена в сохранённой таблице GSC
/sorta/strawberry-symphonia/,Сорт и выбор,1,0,1,15,клубника симфония описание сорта,0,,,,Wordcraft; страница не выделена в сохранённой таблице GSC
/sorta/alfa/,Сорт и выбор,4,1,3,14,клубника альфа описание сорта,2,,,,Wordcraft; страница не выделена в сохранённой таблице GSC
/sorta/raspberry-sapphire/,Сорт и выбор,2,0,2,14,малина сапфир описание сорта,1,,,,Wordcraft; страница не выделена в сохранённой таблице GSC
/sorta/raspberry-stolichnaya/,Сорт и выбор,4,0,4,14,малина столичная описание сорта,3,,,,Wordcraft; страница не выделена в сохранённой таблице GSC
/sorta/strawberry-federica-berrylab/,Сорт и выбор,4,0,4,14,клубника федерика описание сорта,0,,,,Wordcraft; страница не выделена в сохранённой таблице GSC
/sorta/strawberry-kiss-nellis-trade/,Сорт и выбор,2,1,1,14,клубника кисс неллис описание сорта,0,,,,Wordcraft; страница не выделена в сохранённой таблице GSC
/sorta/strawberry-velikobritaniya-trade/,Сорт и выбор,1,0,1,14,клубника великобритания описание сорта,0,,,,Wordcraft; страница не выделена в сохранённой таблице GSC
/sorta/raspberry-adelita/,Сорт и выбор,3,0,3,13,малина аделита описание сорта фото отзывы,1,,,,Wordcraft; страница не выделена в сохранённой таблице GSC
/sorta/raspberry-glen-dee/,Сорт и выбор,3,1,2,13,глен ди малина описание сорта фото,1,,,,Wordcraft; страница не выделена в сохранённой таблице GSC
/sorta/raspberry-glen-fyne/,Сорт и выбор,4,3,1,13,малина глен файн описание сорта,0,,,,Wordcraft; страница не выделена в сохранённой таблице GSC
/sorta/raspberry-groovy/,Сорт и выбор,2,0,2,13,малина груви описание сорта,1,,,,Wordcraft; страница не выделена в сохранённой таблице GSC
/sorta/raspberry-nosorog/,Сорт и выбор,2,0,2,13,малина носорог описание сорта,0,,,,Wordcraft; страница не выделена в сохранённой таблице GSC
/sorta/raspberry-samorodok/,Сорт и выбор,5,0,5,13,малина самородок,2,,,,Wordcraft; страница не выделена в сохранённой таблице GSC
/sorta/strawberry-dahli-flevo/,Сорт и выбор,2,0,2,13,клубника дали описание сорта,0,,,,Wordcraft; страница не выделена в сохранённой таблице GSC
/sorta/strawberry-garda-crea/,Сорт и выбор,1,0,1,13,клубника гарда описание сорта,0,,,,Wordcraft; страница не выделена в сохранённой таблице GSC
/sorta/strawberry-legran-frigolabs-trade/,Сорт и выбор,2,0,2,13,клубника легран описание сорта,0,,,,Wordcraft; страница не выделена в сохранённой таблице GSC
/sorta/strawberry-mae/,Сорт и выбор,2,0,2,13,клубника мея описание сорта,0,,,,Wordcraft; страница не выделена в сохранённой таблице GSC
/sorta/strawberry-orlets-vniispk/,Сорт и выбор,1,1,0,13,клубника орлец описание сорта,0,,,,Wordcraft; страница не выделена в сохранённой таблице GSC
/sorta/strawberry-pandora/,Сорт и выбор,1,0,1,13,клубника пандора описание сорта,0,,,,Wordcraft; страница не выделена в сохранённой таблице GSC
/sorta/raspberry-crimson-night/,Сорт и выбор,1,0,1,12,малина кримсон найт описание сорта,0,,,,Wordcraft; страница не выделена в сохранённой таблице GSC
/sorta/raspberry-galaktika-trade/,Сорт и выбор,2,0,2,12,малина галактика описание сорта,0,,,,Wordcraft; страница не выделена в сохранённой таблице GSC
/sorta/raspberry-nantahala/,Сорт и выбор,7,1,6,12,малина нантахала,2,,,,Wordcraft; страница не выделена в сохранённой таблице GSC
/sorta/raspberry-rubyfall/,Сорт и выбор,2,0,2,12,малина рубифол,0,,,,Wordcraft; страница не выделена в сохранённой таблице GSC
/sorta/skromnitsa/,Сорт и выбор,1,0,1,12,малина скромница описание сорта,0,,,,Wordcraft; страница не выделена в сохранённой таблице GSC
/sorta/strawberry-geneva/,Сорт и выбор,1,0,1,12,клубника женева описание сорта,0,,,,Wordcraft; страница не выделена в сохранённой таблице GSC
/sorta/strawberry-giusy/,Сорт и выбор,3,0,3,12,джуси клубника описание сорта,2,,,,Wordcraft; страница не выделена в сохранённой таблице GSC
/sorta/strawberry-jenkka/,Сорт и выбор,1,0,1,12,клубника дженка описание сорта,0,,,,Wordcraft; страница не выделена в сохранённой таблице GSC
/sorta/strawberry-white-swede-trade/,Сорт и выбор,1,0,1,12,клубника белый швед описание сорта,0,,,,Wordcraft; страница не выделена в сохранённой таблице GSC
/zhurnal/nsd-ksd-klubnika-chto-znachat-tipy-dnya/,Руководства и каталоги,7,6,1,12,нсд сорта клубники что это такое,0,,,,Wordcraft; страница не выделена в сохранённой таблице GSC
/sorta/abrikosovaya/,Сорт и выбор,3,1,2,11,малина абрикосовая описание сорта,0,,,,Wordcraft; страница не выделена в сохранённой таблице GSC
/sorta/raspberry-delbar-manifik-trade/,Сорт и выбор,2,0,2,11,малина дельбар манифик описание сорта,1,,,,Wordcraft; страница не выделена в сохранённой таблице GSC
/sorta/raspberry-kaliningradskaya/,Сорт и выбор,3,0,3,11,малина калининградская описание сорта,0,,,,Wordcraft; страница не выделена в сохранённой таблице GSC
/sorta/strawberry-barynya/,Сорт и выбор,2,0,2,11,клубника барыня описание сорта фото отзывы,2,,,,Wordcraft; страница не выделена в сохранённой таблице GSC
/sorta/strawberry-olympia-nf638/,Сорт и выбор,1,0,1,11,клубника олимпия описание сорта,0,,,,Wordcraft; страница не выделена в сохранённой таблице GSC
/sorta/strawberry-zolushka-vstisp/,Сорт и выбор,1,0,1,11,клубника золушка описание сорта,0,,,,Wordcraft; страница не выделена в сохранённой таблице GSC
/zhurnal/gallitsa-na-maline-vzdutiya/,Руководства и каталоги,6,1,5,11,утолщение на стволе малины что это такое,0,,,,Wordcraft; страница не выделена в сохранённой таблице GSC
/zhurnal/posadka-letnei-i-remontantnoi-maliny-ryadom/,Руководства и каталоги,1,0,1,11,можно ли сажать малину летом,0,,,,Wordcraft; страница не выделена в сохранённой таблице GSC
/sorta/brilliantovaya/,Сорт и выбор,2,2,0,10,малина бриллиантовая описание сорта,0,,,,Wordcraft; страница не выделена в сохранённой таблице GSC
/sorta/medvezhonok/,Сорт и выбор,2,2,0,10,малина медвежонок описание сорта,1,,,,Wordcraft; страница не выделена в сохранённой таблице GSC
/sorta/raspberry-imara/,Сорт и выбор,3,0,3,10,малина имара описание сорта,1,,,,Wordcraft; страница не выделена в сохранённой таблице GSC
/sorta/raspberry-laszka/,Сорт и выбор,1,0,1,10,малина лашка описание сорта,0,,,,Wordcraft; страница не выделена в сохранённой таблице GSC
/sorta/raspberry-primalba/,Сорт и выбор,2,1,1,10,малина прималба описание сорта,1,,,,Wordcraft; страница не выделена в сохранённой таблице GSC
/sorta/raspberry-tadmor/,Сорт и выбор,3,0,3,10,малина тадмор,0,,,,Wordcraft; страница не выделена в сохранённой таблице GSC
/sorta/strawberry-irma/,Сорт и выбор,1,0,1,10,клубника ирма описание сорта,0,,,,Wordcraft; страница не выделена в сохранённой таблице GSC
/sorta/strawberry-mamochka-vniispk-study/,Сорт и выбор,1,0,1,10,клубника мамочка описание сорта,0,,,,Wordcraft; страница не выделена в сохранённой таблице GSC
/sorta/strawberry-moscow-delicacy-trade/,Сорт и выбор,1,0,1,10,клубника московский деликатес описание сорта,0,,,,Wordcraft; страница не выделена в сохранённой таблице GSC
/sorta/evraziya/,Сорт и выбор,1,0,1,9,малина евразия описание сорта,0,,,,Wordcraft; страница не выделена в сохранённой таблице GSC
/sorta/raspberry-arbat/,Сорт и выбор,3,0,3,9,малина арбат описание сорта,0,,,,Wordcraft; страница не выделена в сохранённой таблице GSC
/sorta/raspberry-aurora/,Сорт и выбор,3,0,3,9,малина аврора описание сорта,2,,,,Wordcraft; страница не выделена в сохранённой таблице GSC
/sorta/raspberry-benefis/,Сорт и выбор,3,0,3,9,малина бенефис,1,,,,Wordcraft; страница не выделена в сохранённой таблице GSC
/sorta/raspberry-fiana-trade/,Сорт и выбор,1,0,1,9,малина фиана описание сорта,0,,,,Wordcraft; страница не выделена в сохранённой таблице GSC
/sorta/raspberry-kirzhach/,Сорт и выбор,1,0,1,9,малина киржач описание сорта,0,,,,Wordcraft; страница не выделена в сохранённой таблице GSC
/sorta/raspberry-korol-nochi-trade/,Сорт и выбор,1,0,1,9,малина король ночи описание сорта,0,,,,Wordcraft; страница не выделена в сохранённой таблице GSC
/sorta/raspberry-zatonskaya/,Сорт и выбор,5,5,0,9,малина затонская описание сорта,3,,,,Wordcraft; страница не выделена в сохранённой таблице GSC
/sorta/strawberry-antei-arifova-study/,Сорт и выбор,3,0,3,9,клубника антей описание сорта,0,,,,Wordcraft; страница не выделена в сохранённой таблице GSC
/sorta/strawberry-brighton-uc/,Сорт и выбор,1,0,1,9,клубника брайтон описание сорта,0,,,,Wordcraft; страница не выделена в сохранённой таблице GSC
/sorta/strawberry-fenella/,Сорт и выбор,3,1,2,9,клубника фенелла описание сорта,1,,,,Wordcraft; страница не выделена в сохранённой таблице GSC
/sorta/zenga-zengana/,Сорт и выбор,3,0,3,9,сорт клубники зенга зенгана фото и описание,0,,,,Wordcraft; страница не выделена в сохранённой таблице GSC
/zhurnal/yaponskaya-malina-rubus-phoenicolasius/,Руководства и каталоги,1,0,1,9,японская малина фото описание сорта отзывы,0,,,,Wordcraft; страница не выделена в сохранённой таблице GSC
/sorta/raspberry-alaya-rossyp/,Сорт и выбор,4,0,4,8,малина алая россыпь,1,,,,Wordcraft; страница не выделена в сохранённой таблице GSC
/sorta/raspberry-ananasnaya-vigorova/,Сорт и выбор,2,0,2,8,малина ананасная вигорова описание сорта,1,,,,Wordcraft; страница не выделена в сохранённой таблице GSC
/sorta/raspberry-brilliantovaya/,Сорт и выбор,4,1,3,8,малина блестящая описание сорта,2,,,,Wordcraft; страница не выделена в сохранённой таблице GSC
/sorta/raspberry-maria-trade/,Сорт и выбор,3,1,2,8,малина мария описание сорта,2,,,,Wordcraft; страница не выделена в сохранённой таблице GSC
/sorta/raspberry-ovation/,Сорт и выбор,1,0,1,8,малина овация описание сорта,0,,,,Wordcraft; страница не выделена в сохранённой таблице GSC
/sorta/raspberry-prelest/,Сорт и выбор,2,2,0,8,малина прелесть описание сорта,0,,,,Wordcraft; страница не выделена в сохранённой таблице GSC
/sorta/raspberry-valentina/,Сорт и выбор,1,0,1,8,малина валентина описание сорта,0,,,,Wordcraft; страница не выделена в сохранённой таблице GSC
/sorta/strawberry-czech-beauty-trade/,Сорт и выбор,1,0,1,8,клубника чешская красавица описание сорта фото отзывы садоводов урожайность,1,,,,Wordcraft; страница не выделена в сохранённой таблице GSC
/sorta/strawberry-gariguette/,Сорт и выбор,1,0,1,8,клубника гаригуэтта описание сорта,0,,,,Wordcraft; страница не выделена в сохранённой таблице GSC
/sorta/strawberry-kamrad-pobeditel-breeding/,Сорт и выбор,1,0,1,8,камрад победитель клубника описание сорта,0,,,,Wordcraft; страница не выделена в сохранённой таблице GSC
/sorta/podarok-kashinu/,Сорт и выбор,1,0,1,7,малина подарок кашину описание сорта фото отзывы,1,,,,Wordcraft; страница не выделена в сохранённой таблице GSC
/sorta/raspberry-antares/,Сорт и выбор,3,1,2,7,малина антарес описание сорта,0,,,,Wordcraft; страница не выделена в сохранённой таблице GSC
/sorta/raspberry-avgustovskoe-chudo/,Сорт и выбор,2,0,2,7,малина августовское чудо описание сорта,0,,,,Wordcraft; страница не выделена в сохранённой таблице GSC
/sorta/raspberry-glen-mor/,Сорт и выбор,1,0,1,7,малина глен мор описание сорта,0,,,,Wordcraft; страница не выделена в сохранённой таблице GSC
/sorta/raspberry-osennyaya-krasavitsa-trade/,Сорт и выбор,1,0,1,7,малина осенняя красавица описание сорта,0,,,,Wordcraft; страница не выделена в сохранённой таблице GSC
/sorta/raspberry-rovnitsa/,Сорт и выбор,2,2,0,7,малина ровница описание сорта,0,,,,Wordcraft; страница не выделена в сохранённой таблице GSC
/sorta/raspberry-rubin-bolgarskiy/,Сорт и выбор,2,0,2,7,малина болгарский рубин описание сорта,1,,,,Wordcraft; страница не выделена в сохранённой таблице GSC
/sorta/raspberry-stoleshnik/,Сорт и выбор,2,0,2,7,малина столешник описание сорта,1,,,,Wordcraft; страница не выделена в сохранённой таблице GSC
/sorta/strawberry-cadenza/,Сорт и выбор,1,0,1,7,клубника каденза описание сорта,0,,,,Wordcraft; страница не выделена в сохранённой таблице GSC
/sorta/strawberry-daroyal-planasa/,Сорт и выбор,1,1,0,7,клубника дероял описание сорта,0,,,,Wordcraft; страница не выделена в сохранённой таблице GSC
/sorta/strawberry-giant-russian-f1-gavrish/,Сорт и выбор,1,0,1,7,клубника русский гигант f1 описание сорта фото отзывы,1,,,,Wordcraft; страница не выделена в сохранённой таблице GSC
/sorta/raspberry-barhatnaya/,Сорт и выбор,1,0,1,6,малина бархатная описание сорта,0,,,,Wordcraft; страница не выделена в сохранённой таблице GSC
/sorta/raspberry-halley/,Сорт и выбор,4,1,3,6,малина халлей описание сорта,2,,,,Wordcraft; страница не выделена в сохранённой таблице GSC
/sorta/raspberry-heban/,Сорт и выбор,2,0,2,6,малина хебан описание сорта фото отзывы садоводов,1,,,,Wordcraft; страница не выделена в сохранённой таблице GSC
/sorta/raspberry-josephine/,Сорт и выбор,1,0,1,6,малина жозефина описание сорта,0,,,,Wordcraft; страница не выделена в сохранённой таблице GSC
/sorta/raspberry-magnat/,Сорт и выбор,1,0,1,6,малина магнат описание сорта,0,,,,Wordcraft; страница не выделена в сохранённой таблице GSC
/sorta/raspberry-orbita/,Сорт и выбор,2,1,1,6,малина орбита описание сорта,0,,,,Wordcraft; страница не выделена в сохранённой таблице GSC
/sorta/raspberry-royalty/,Сорт и выбор,4,1,3,6,малина роялти описание сорта фото отзывы,2,,,,Wordcraft; страница не выделена в сохранённой таблице GSC
/sorta/raspberry-senator-trade/,Сорт и выбор,1,0,1,6,малина сенатор описание сорта,0,,,,Wordcraft; страница не выделена в сохранённой таблице GSC
/sorta/raspberry-sputnitsa/,Сорт и выбор,2,1,1,6,малина спутница описание сорта,0,,,,Wordcraft; страница не выделена в сохранённой таблице GSC
/sorta/raspberry-yantarnaya/,Сорт и выбор,1,0,1,6,малина янтарная описание сорта,0,,,,Wordcraft; страница не выделена в сохранённой таблице GSC
/sorta/strawberry-estafeta-vstisp/,Сорт и выбор,2,0,2,6,клубника эстафета описание сорта,0,,,,Wordcraft; страница не выделена в сохранённой таблице GSC
/zhurnal/zemklunika-chto-eto-i-kak-vybrat-sort/,Руководства и каталоги,2,0,2,6,гибрид земляники и клубники земклуника или земклубника лучшие сорта,0,,,,Wordcraft; страница не выделена в сохранённой таблице GSC
/sorta/raspberry-biryusinka/,Сорт и выбор,4,1,3,5,малина бирюсинка описание сорта фото отзывы садоводов,2,,,,Wordcraft; страница не выделена в сохранённой таблице GSC
/sorta/raspberry-cascade-harvest/,Сорт и выбор,2,0,2,5,малина каскад харвест описание сорта фото отзывы,1,,,,Wordcraft; страница не выделена в сохранённой таблице GSC
/sorta/raspberry-dobraya/,Сорт и выбор,1,0,1,5,малина добрая описание сорта,0,,,,Wordcraft; страница не выделена в сохранённой таблице GSC
/sorta/raspberry-molling-juno/,Сорт и выбор,1,0,1,5,малина моллинг джуно описание сорта,0,,,,Wordcraft; страница не выделена в сохранённой таблице GSC
/sorta/raspberry-nektarnaya-heisa-trade/,Сорт и выбор,3,0,3,5,малина нектарная описание сорта фото отзывы,1,,,,Wordcraft; страница не выделена в сохранённой таблице GSC
/sorta/raspberry-nobility/,Сорт и выбор,2,0,2,5,малина нобилити,0,,,,Wordcraft; страница не выделена в сохранённой таблице GSC
/sorta/raspberry-slava-rossii-trade/,Сорт и выбор,2,0,2,5,малина слава россии описание сорта фото отзывы садоводов,1,,,,Wordcraft; страница не выделена в сохранённой таблице GSC
/sorta/raspberry-turmalin/,Сорт и выбор,2,1,1,5,малина турмалин описание сорта,1,,,,Wordcraft; страница не выделена в сохранённой таблице GSC
/sorta/strawberry-alturas-bernardini/,Сорт и выбор,1,0,1,5,клубника альтурас описание сорта,0,,,,Wordcraft; страница не выделена в сохранённой таблице GSC
/sorta/strawberry-elody-bernardini/,Сорт и выбор,1,0,1,5,клубника элоди описание сорта фото отзывы садоводов урожайность,1,,,,Wordcraft; страница не выделена в сохранённой таблице GSC
/sorta/strawberry-florice-flevo/,Сорт и выбор,1,0,1,5,клубника флорис описание сорта,0,,,,Wordcraft; страница не выделена в сохранённой таблице GSC
/sorta/strawberry-izbrannitsa/,Сорт и выбор,2,1,1,5,клубника избранница описание сорта фото отзывы садоводов,1,,,,Wordcraft; страница не выделена в сохранённой таблице GSC
/sorta/strawberry-madlen-skopje-trial/,Сорт и выбор,2,0,2,5,клубника мадлен описание сорта фото отзывы,1,,,,Wordcraft; страница не выделена в сохранённой таблице GSC
/zhurnal/kak-sohranit-sazhency-maliny-do-posadki/,Руководства и каталоги,8,0,8,5,как сохранить саженец малины до весны в домашних условиях,0,,,,Wordcraft; страница не выделена в сохранённой таблице GSC
/zhurnal/kak-vyrastit-malinu-iz-semyan/,Руководства и каталоги,6,1,5,5,выращивание малины из семян в домашних условиях,0,,,,Wordcraft; страница не выделена в сохранённой таблице GSC
/zhurnal/vyrashchivanie-zheltoy-maliny/,Руководства и каталоги,4,0,4,5,желтая малина выращивание и уход,0,,,,Wordcraft; страница не выделена в сохранённой таблице GSC
/sorta/raspberry-anfisa-trade/,Сорт и выбор,2,0,2,4,малина анфиса описание сорта фото отзывы садоводов,1,,,,Wordcraft; страница не выделена в сохранённой таблице GSC
/sorta/raspberry-jaclyn/,Сорт и выбор,2,0,2,4,малина жаклин описание сорта,1,,,,Wordcraft; страница не выделена в сохранённой таблице GSC
/sorta/raspberry-meeker/,Сорт и выбор,1,0,1,4,малина микер описание сорта,0,,,,Wordcraft; страница не выделена в сохранённой таблице GSC
/sorta/raspberry-moscow-caramel-trade/,Сорт и выбор,1,0,1,4,малина московская карамель описание сорта фото отзывы,1,,,,Wordcraft; страница не выделена в сохранённой таблице GSC
/sorta/raspberry-orange-giant-trade/,Сорт и выбор,1,0,1,4,малина оранжевый гигант описание сорта фото отзывы,1,,,,Wordcraft; страница не выделена в сохранённой таблице GSC
/sorta/raspberry-ruby-beauty-trade/,Сорт и выбор,1,0,1,4,малина руби бьюти описание сорта,0,,,,Wordcraft; страница не выделена в сохранённой таблице GSC
/sorta/raspberry-shosha/,Сорт и выбор,3,0,3,4,малина шоша описание сорта фото отзывы,1,,,,Wordcraft; страница не выделена в сохранённой таблице GSC
/sorta/raspberry-yellow-honey-trade/,Сорт и выбор,1,1,0,4,малина желтая медовая описание сорта фото отзывы,1,,,,Wordcraft; страница не выделена в сохранённой таблице GSC
/zhurnal/klubnika-s-malyim-kolichestvom-usov/,Руководства и каталоги,4,1,3,4,крупноплодная безусая земляника,0,,,,Wordcraft; страница не выделена в сохранённой таблице GSC
/zhurnal/malina-dvoinaya-sort-i-parnye-yagody/,Руководства и каталоги,1,0,1,4,малина двойная ягода какой сорт,0,,,,Wordcraft; страница не выделена в сохранённой таблице GSC
/zhurnal/mozaika-i-kurchavost-maliny/,Руководства и каталоги,5,4,1,4,мозаичность малины,0,,,,Wordcraft; страница не выделена в сохранённой таблице GSC
/zhurnal/uhod-za-klubnikoi-osenyu-podgotovka-k-zime/,Руководства и каталоги,2,0,2,4,чем обработать клубнику на зиму,0,,,,Wordcraft; страница не выделена в сохранённой таблице GSC
/zhurnal/vidy-klubniki-nazvaniya-i-fotografii/,Руководства и каталоги,2,0,2,4,виды клубники фото с названиями,0,,,,Wordcraft; страница не выделена в сохранённой таблице GSC
/sorta/raspberry-chief/,Сорт и выбор,1,0,1,3,малина чиф описание сорта,0,,,,Wordcraft; страница не выделена в сохранённой таблице GSC
/sorta/raspberry-dolomia-plus/,Сорт и выбор,2,0,2,3,малина доломия описание сорта,1,,,,Wordcraft; страница не выделена в сохранённой таблице GSC
/sorta/raspberry-glen-lion/,Сорт и выбор,1,1,0,3,малина глен лион описание сорта,0,,,,Wordcraft; страница не выделена в сохранённой таблице GSC
/sorta/raspberry-korpiko/,Сорт и выбор,2,1,1,3,малина корпико описание сорта,1,,,,Wordcraft; страница не выделена в сохранённой таблице GSC
/sorta/raspberry-lel/,Сорт и выбор,1,0,1,3,малина лель описание сорта фото отзывы,1,,,,Wordcraft; страница не выделена в сохранённой таблице GSC
/sorta/raspberry-muza/,Сорт и выбор,2,0,2,3,малина муза описание сорта,0,,,,Wordcraft; страница не выделена в сохранённой таблице GSC
/sorta/raspberry-san-rafael-trade/,Сорт и выбор,1,0,1,3,малина сан рафаэль описание сорта,0,,,,Wordcraft; страница не выделена в сохранённой таблице GSC
/sorta/raspberry-usanka/,Сорт и выбор,2,1,1,3,малина усанка описание сорта,0,,,,Wordcraft; страница не выделена в сохранённой таблице GSC
/sorta/raspberry-venge-trade/,Сорт и выбор,1,0,1,3,малина венге описание сорта фото отзывы,1,,,,Wordcraft; страница не выделена в сохранённой таблице GSC
/sorta/raspberry-willamette/,Сорт и выбор,2,0,2,3,малина willamette,1,,,,Wordcraft; страница не выделена в сохранённой таблице GSC
/sorta/strawberry-feng-xiang-nursery/,Сорт и выбор,1,1,0,3,клубника фенг сянг описание сорта отзывы садоводов урожайность,1,,,,Wordcraft; страница не выделена в сохранённой таблице GSC
/sorta/strawberry-fronteras/,Сорт и выбор,1,0,1,3,клубника фронтерас описание сорта фото отзывы садоводов,1,,,,Wordcraft; страница не выделена в сохранённой таблице GSC
/sorta/strawberry-gento-ogorodik-trade/,Сорт и выбор,1,0,1,3,клубника дженто описание сорта,0,,,,Wordcraft; страница не выделена в сохранённой таблице GSC
/zhurnal/fitosporin-horus-narodnye-sredstva-i-smesi/,Руководства и каталоги,5,3,2,3,хорус для малины,0,,,,Wordcraft; страница не выделена в сохранённой таблице GSC
/sorta/raspberry-evita/,Сорт и выбор,1,0,1,2,малина эвита описание сорта,0,,,,Wordcraft; страница не выделена в сохранённой таблице GSC
/sorta/raspberry-jeanne-d-orleans/,Сорт и выбор,3,0,3,2,малина жанна орлеанская описание сорта,0,,,,Wordcraft; страница не выделена в сохранённой таблице GSC
/sorta/raspberry-purple-jewel-trade/,Сорт и выбор,1,0,1,2,малина парпл джевел описание сорта фото отзывы,1,,,,Wordcraft; страница не выделена в сохранённой таблице GSC
/sorta/raspberry-rafiki/,Сорт и выбор,1,0,1,2,малина рафики описание сорта,0,,,,Wordcraft; страница не выделена в сохранённой таблице GSC
/sorta/raspberry-regina/,Сорт и выбор,1,0,1,2,малина регина описание сорта,0,,,,Wordcraft; страница не выделена в сохранённой таблице GSC
/sorta/raspberry-ulybka/,Сорт и выбор,1,0,1,2,малина улыбка описание сорта фото отзывы садоводов,1,,,,Wordcraft; страница не выделена в сохранённой таблице GSC
/sorta/double-gold/,Сорт и выбор,1,0,1,1,малина дабл голд описание сорта фото отзывы,1,,,,Wordcraft; страница не выделена в сохранённой таблице GSC
/sorta/raspberry-clarita/,Сорт и выбор,1,0,1,1,малина кларита описание сорта,0,,,,Wordcraft; страница не выделена в сохранённой таблице GSC
/sorta/raspberry-illyuziya/,Сорт и выбор,1,0,1,1,малина иллюзия описание сорта фото отзывы,1,,,,Wordcraft; страница не выделена в сохранённой таблице GSC
/sorta/raspberry-malling-bella/,Сорт и выбор,1,0,1,1,моллинг белла малина,0,,,,Wordcraft; страница не выделена в сохранённой таблице GSC
/sorta/raspberry-schoenemann/,Сорт и выбор,1,1,0,1,малина шонеман описание сорта фото отзывы садоводов,1,,,,Wordcraft; страница не выделена в сохранённой таблице GSC
/sorta/strawberry-vkusnyatina-amur-trial/,Сорт и выбор,2,0,2,1,земляника вкуснятина,0,,,,Wordcraft; страница не выделена в сохранённой таблице GSC
/zhurnal/bakterialnaya-pyatnistost-klubniki-chto-proverit/,Руководства и каталоги,1,1,0,1,бактериальный ожог клубники,0,,,,Wordcraft; страница не выделена в сохранённой таблице GSC
/zhurnal/klubnika-posle-sbora-urozhaya-obnovlenie-gryadki/,Руководства и каталоги,1,0,1,1,фунгициды для клубники после сбора урожая,0,,,,Wordcraft; страница не выделена в сохранённой таблице GSC
/zhurnal/posadka-sazhentsev-maliny-i-klubniki/,Руководства и каталоги,1,0,1,1,при какой температуре сажать малину,0,,,,Wordcraft; страница не выделена в сохранённой таблице GSC
/zhurnal/sosedstvo-maliny-i-slivy/,Руководства и каталоги,1,0,1,1,малина и слива совместимость в посадке,0,,,,Wordcraft; страница не выделена в сохранённой таблице GSC
/zhurnal/sovmestimost-kryzhovnika-s-drugimi-rasteniyami/,Руководства и каталоги,1,0,1,1,совместимость крыжовника с другими деревьями и кустами,0,,,,Wordcraft; страница не выделена в сохранённой таблице GSC
